submit_id,user_name,code,problem,lang,verdict,contest_id
79925478,mihikagaonkar,"['/******************************************************************************\n\nWelcome to GDB Online.\nGDB online is an online compiler and debugger tool for C, C++, Python, PHP, Ruby, \nC#, VB, Perl, Swift, Prolog, Javascript, Pascal, HTML, CSS, JS\nCode, Compile, Run and Debug online from anywhere in world.\n\n*******************************************************************************/\n#include <stdio.h>\n#include<math.h>\nint main()\n{\n    int k, r, x, i, y;\n    scanf(""%d %d"",&k,&r);\n    x = k%10;\n    \n    for(i=1;i<=9;i++)\n    {\n        y = (k*i)%10;\n        if(y==r||y==0)\n        {\n            printf(""%d"",i);\n            break;\n        }\n    }\n    return 0;\n}\n\n']",A - Buy a Shovel,GNU C11,OK,732
79812292,b10802032,"['#include <stdio.h>\r\n\r\nint main(void)\r\n{\r\n\tint n, k, a[500] = {0}, b[500] = {0}, i, total = 0;\r\n\tscanf(""%d %d"", &n, &k);\r\n\tfor(i = 0; i < n; i++)\r\n\t{\r\n\t\tscanf(""%d"", &a[i]);\r\n\t\tb[i] = a[i];\r\n\t}\r\n\tfor(i = 0; i < n - 1; i++)\r\n\t{\r\n\t\tif(a[i] + a[i+1] < k)\r\n\t\t{\r\n\t\t\ta[i + 1] = k - a[i];\r\n\t\t}\r\n\t}\r\n\tfor(i = 0; i < n; i++)\r\n\t{\r\n\t\ttotal += a[i] - b[i];\r\n\t}\r\n\tprintf(""%d\\n"", total);\r\n\tfor(i = 0; i < n; i++)\r\n\t{\r\n\t\tprintf(""%d "", a[i]);\r\n\t}\r\n\t\r\n}\r\n']",B - Cormen --- The Best Friend Of a Man,GNU C11,OK,732
79812181,b10802032,"['#include <stdio.h>\r\n\r\nint main(void)\r\n{\r\n\tint n, k, a[100] = {0}, b[100] = {0}, i, total = 0;\r\n\tscanf(""%d %d"", &n, &k);\r\n\tfor(i = 0; i < n; i++)\r\n\t{\r\n\t\tscanf(""%d"", &a[i]);\r\n\t\tb[i] = a[i];\r\n\t}\r\n\tfor(i = 0; i < n - 1; i++)\r\n\t{\r\n\t\tif(a[i] + a[i+1] < k)\r\n\t\t{\r\n\t\t\ta[i + 1] = k - a[i];\r\n\t\t}\r\n\t}\r\n\tfor(i = 0; i < n; i++)\r\n\t{\r\n\t\ttotal += a[i] - b[i];\r\n\t}\r\n\tprintf(""%d\\n"", total);\r\n\tfor(i = 0; i < n; i++)\r\n\t{\r\n\t\tprintf(""%d "", a[i]);\r\n\t}\r\n\t\r\n}\r\n']",B - Cormen --- The Best Friend Of a Man,GNU C11,TIME_LIMIT_EXCEEDED,732
79358625,vjudge5,"['#include<stdio.h>\nint main()\n{\nint k,r,i;\nscanf(""%d %d"",&k,&r);\nfor(i=1;;i++)\n{\nif(((k*i)-r)%10==0 || (k*i)%10 ==0)\n{\nprintf(""%d\\n"",i);\nbreak;\n}\n}\nreturn 0;\n}\n\n   \t  \t\t\t\t\t\t\t\t \t\t     \t  \t\t\t\t\t']",A - Buy a Shovel,GNU C11,OK,732
79341874,Siam01,"['#include<stdio.h>\r\n\r\nint main()\r\n{\r\n    int k,r,i,a;\r\n    double b,c;\r\n\r\n    scanf(""%d %d"",&k,&r);\r\n\r\n    if(k<1||k>1000 || r<1 || r>9){\r\n        return 0;\r\n    }\r\n    for(i=1;i<100;i++){\r\n        a=k*i;\r\n        b=a%10;\r\n        if(b==0){\r\n            printf(""%d"",i);\r\n            break;\r\n        }\r\n        else if(b!=0){\r\n            c=b/r;\r\n            if(c!=1){\r\n                continue;\r\n            }\r\n            else if(c==1){\r\n                printf(""%d"",i);\r\n                break;\r\n            }\r\n        }\r\n    }\r\n    return 0;\r\n}\r\n']",A - Buy a Shovel,GNU C11,OK,732
79335219,u1904054,"['#include<stdio.h>\r\nint main()\r\n{\r\n    int a,b,i,mul=0,c;\r\n\r\n        scanf(""%d %d"",&a,&b);\r\nc=a%10;\r\n\r\n    i=1;\r\n    for(i=1; ;i++)\r\n    {\r\n        mul=c*i;\r\n\r\n        if(mul%10==b || mul%10==0)\r\n            break;\r\n\r\n\r\n    }\r\n        printf(""%d\\n"",i);\r\n\r\n}\r\n']",A - Buy a Shovel,GNU C11,OK,732
79212458,minhazabrar05,"['#include<stdio.h>\r\n#include<math.h>\r\n#include<stdlib.h>\r\nint main()\r\n{\r\n    int k,r,i,m,n;\r\n    scanf(""%d %d"",&k,&r);\r\n    for(i=1; i>0; i++)\r\n    {\r\n        n=k*i;\r\n        m=n%10;\r\n        if(m==r||m==0)\r\n        {\r\n\r\n            break;\r\n        }\r\n\r\n    }\r\n\r\n\r\n\r\n printf(""%d"",i);\r\n\r\n    return 0;\r\n\r\n}\r\n']",A - Buy a Shovel,GNU C11,OK,732
79240565,KARTHIK26,"['#include<stdio.h>\r\nint main()\r\n{\r\n    int n,k,a[500],s=0;\r\n    scanf(""%d %d"",&n,&k);\r\n    for(int i=0;i<n;++i)\r\n        scanf(""%d"",&a[i]);\r\n    for(int i=1;i<n;++i)\r\n    {\r\n        if(a[i]+a[i-1]<k)\r\n            {s+=k-(a[i-1]+a[i]);a[i]=k-a[i-1];}\r\n    }\r\n    printf(""%d\\n"",s);\r\n    for(int i=0;i<n;++i)\r\n        printf(""%d "",a[i]);\r\n    return 0;\r\n}\r\n']",B - Cormen --- The Best Friend Of a Man,GNU C11,OK,732
79240835,Nilachol,"['#include<stdio.h>\r\nint main()\r\n{\r\n    int n,k,i,sum=0;\r\n    scanf(""%d%d"",&n,&k);\r\n    int a[n];\r\n\r\n    for(i=0;i<n;i++)\r\n        scanf(""%d"",&a[i]);\r\n    for(i=1;i<n;i++)\r\n    {\r\n        if(a[i-1]+a[i]<k)\r\n        {\r\n            sum=sum+(k-a[i-1]-a[i]);\r\n            a[i]=k-a[i-1];\r\n        }\r\n    }\r\n    printf(""%d\\n"",sum);\r\n    for(i=0;i<n;i++)\r\n        printf(""%d "",a[i]);\r\n    return 0;\r\n}']",B - Cormen --- The Best Friend Of a Man,GNU C11,OK,732
79055479,zayaan,"['#include<stdio.h>\r\n\r\nint main()\r\n{\r\n\t#ifndef ONLINE_JUDGE\r\n\t\tfreopen(""input.txt"",""r"", stdin);\r\n\t\tfreopen(""output.txt"",""w"", stdout);\r\n\t#endif\r\n\tint n,k,i,count=0,p;\r\n\tscanf(""%d%d"",&n,&k);\r\n\tint a[n];\r\n\tfor(i=0;i<n;i++)\r\n\t{\r\n\t\tscanf(""%d"",&a[i]);\r\n\t}\r\n\tfor(i=1;i<n;i++)\r\n\t{\r\n\t\tif (a[i-1]+a[i]<k)\r\n\t\t{\r\n\t\t\tp=a[i];\r\n\t\t\ta[i]=k-a[i-1];\r\n\t\t\tp=a[i]-p;\r\n\t\t\tcount+=p;\r\n\t\t}\r\n\t}\r\n\tprintf(""%d\\n"",count);\r\n\tfor(i=0;i<n;i++)\r\n\t\tprintf(""%d "",a[i]);\r\n\r\n\r\n\r\n\treturn 0;\r\n}']",B - Cormen --- The Best Friend Of a Man,GNU C11,OK,732
78986608,ph0en1x9,"['#include <stdio.h>\r\n#include <stdlib.h>\r\n\r\nint main()\r\n{\r\n    int k, r;\r\n    scanf (""%d %d"", &k, &r);\r\n    \r\n    for (int i=1; i<=10; i++)\r\n    {\r\n        int cost = k*i;\r\n        if (cost%10 == 0)\r\n        {\r\n            printf (""%d\\n"", i);\r\n            exit(0);\r\n        }\r\n        else if (cost%10 == r)\r\n        {\r\n            printf (""%d\\n"", i);\r\n            exit (0);\r\n        }\r\n    }\r\n    \r\n    return 0;\r\n}']",A - Buy a Shovel,GNU C11,OK,732
78970096,wavelolz,"['#include <stdio.h>\r\n#include <math.h>\r\n#include <string.h>\r\n#include <ctype.h>\r\n#include <stdlib.h>\r\n#include <stdbool.h>\r\n\r\n\r\nint main() {\r\n        // insert code here...\r\n    int a, b;\r\n    scanf(""%d"", &a);\r\n    scanf(""%d"", &b);\r\n    for(int n = 1; n < 1000000000; n ++){\r\n        if((10 * n + b) % a == 0 && (10 * n + b) / a >= 1){\r\n            printf(""%d"", (10 * n + b) / a);\r\n            break;\r\n        }\r\n    }\r\n    \r\n    return 0;\r\n    \r\n}']",A - Buy a Shovel,GNU C11,TIME_LIMIT_EXCEEDED,732
78971392,wavelolz,"['#include <stdio.h>\r\n#include <math.h>\r\n#include <string.h>\r\n#include <ctype.h>\r\n#include <stdlib.h>\r\n#include <stdbool.h>\r\n\r\n\r\nint main() {\r\n        // insert code here...\r\n    int a, b;\r\n    scanf(""%d"", &a);\r\n    scanf(""%d"", &b);\r\n    for(int n = 1; n < 1000000000; n ++){\r\n        if((10 * n + b) % a == 0 && (10 * n + b) / a >= 1){\r\n            printf(""%d"", (10 * n + b) / a);\r\n            break;\r\n        }\r\n        if((10 * n) % a == 0 && (10 * n) / a >= 1){\r\n            printf(""%d"", (10 * n) / a);\r\n            break;\r\n        }\r\n        \r\n    }\r\n    \r\n    \r\n    \r\n    return 0;\r\n    \r\n}']",A - Buy a Shovel,GNU C11,WRONG_ANSWER,732
78971651,wavelolz,"['#include <stdio.h>\r\n#include <math.h>\r\n#include <string.h>\r\n#include <ctype.h>\r\n#include <stdlib.h>\r\n#include <stdbool.h>\r\n\r\n\r\nint main() {\r\n        // insert code here...\r\n    int a, b;\r\n    scanf(""%d"", &a);\r\n    scanf(""%d"", &b);\r\n    for(int n = 1; n < 1000000000; n ++){\r\n        if(b % a  == 0 && b / a >= 1){\r\n                   printf(""%d"", b / a);\r\n                   break;\r\n               }\r\n        if((10 * n) % a == 0 && (10 * n) / a >= 1){\r\n            printf(""%d"", (10 * n) / a);\r\n            break;\r\n        }\r\n        if((10 * n + b) % a == 0 && (10 * n + b) / a >= 1){\r\n            printf(""%d"", (10 * n + b) / a);\r\n            break;\r\n        }\r\n        \r\n       \r\n        \r\n    }\r\n    \r\n    \r\n    \r\n    return 0;\r\n    \r\n}']",A - Buy a Shovel,GNU C11,OK,732
78907398,Ataurrl,"['#include<stdio.h>\r\nint main ()\r\n{\r\n    int a,b,c,re,i=2,d;\r\n    scanf (""%d %d"",&a, &b);\r\n    c=a%10;\r\n    if (b==c)\r\n    {\r\n        re=1;\r\n    }\r\n    else if (b!=c)\r\n    {\r\n        while (b!=c)\r\n        {\r\n            c=(a*i)%10;\r\n            i++;\r\n            if (c==0)\r\n            {\r\n                re=i;\r\n                break;\r\n            }\r\n        }\r\n        re=i-1;\r\n\r\n    }\r\n    printf (""%d\\n"",re);\r\n    return 0;\r\n\r\n}\r\n']",A - Buy a Shovel,GNU C11,WRONG_ANSWER,732
78908123,Ataurrl,"['#include<stdio.h>\r\nint main ()\r\n{\r\n    int a,b,c,re,i=2,d;\r\n    scanf (""%d %d"",&a, &b);\r\n    c=a%10;\r\n    if (b==c)\r\n    {\r\n        re=1;\r\n    }\r\n    else if (c==0)\r\n    {\r\n        re=1;\r\n    }\r\n    else if (b!=c)\r\n    {\r\n        while (b!=c)\r\n        {\r\n            c=(a*i)%10;\r\n            i++;\r\n            if (c==0)\r\n            {\r\n                re=i;\r\n                break;\r\n            }\r\n        }\r\n        re=i-1;\r\n\r\n    }\r\n    printf (""%d\\n"",re);\r\n    return 0;\r\n\r\n}\r\n']",A - Buy a Shovel,GNU C11,OK,732
78909838,Saifuddinsakib,"['#include <stdio.h>\r\n#include <stdlib.h>\r\n\r\nint main()\r\n{\r\n    int a,b,c,t,i=0,x=0,j=0;\r\n    scanf(""%d %d"",&a,&b);\r\n    for(i=1;i<=10;i++){\r\n        if(((a*i)%10)==0 || ((a*i)%10)==b){\r\n            printf(""%d"",i);\r\n            return 0;\r\n        }\r\n    }\r\n}\r\n']",A - Buy a Shovel,GNU C11,OK,732
79002424,zihad1783,"['#include<stdio.h>\r\n\r\nint main()\r\n{\r\n    int n, r, i=2,count=1, p;\r\n    scanf(""%d %d"", &n, &r);\r\n    p=n;\r\n    while(1)\r\n    {\r\n        if(p%10==0 || p%10==r)\r\n        {\r\n            break;\r\n        }\r\n        else{\r\n            count++;\r\n            p=i*n;\r\n            i++;\r\n        }\r\n    }\r\n    printf(""%d\\n"", count);\r\n\r\n    return 0;\r\n}\r\n']",A - Buy a Shovel,GNU C11,OK,732
79008951,Rahin31,"['#include<stdio.h>\r\nint main()\r\n{\r\n    int n,k,i,j,l,s=0;\r\n    scanf(""%d %d"",&n,&k);\r\n    int A[n];\r\n    for(i=0;i<n;i++)\r\n    {\r\n        scanf(""%d"",&A[i]);\r\n        if(i>0)\r\n        {\r\n            if(A[i]+A[i-1]<k)\r\n            {\r\n               l=k-A[i]-A[i-1];\r\n               s=s+l;\r\n               A[i]=A[i]+l;\r\n            }\r\n        }\r\n    }\r\n    printf(""%d\\n"",s);\r\n    for(i=0;i<n;i++)\r\n    {\r\n        printf(""%d "",A[i]);\r\n    }\r\n    printf(""\\n"");\r\n    return 0;\r\n}\r\n']",B - Cormen --- The Best Friend Of a Man,GNU C11,OK,732
79009054,mumtahina29,"['#include <stdio.h>\r\n   int main()\r\n   {\r\n       int k, r, i;\r\n       scanf(""%d %d"", &k, &r);\r\n       for(i=1; i<=10; i++){\r\n        if((k*i)%10==0 || (k*i)%10==r){ printf(""%d"", i); break;}\r\n       }\r\n       return 0;\r\n   }']",A - Buy a Shovel,GNU C11,OK,732
78825187,mazenshouman,"['#include <stdio.h>\r\ntypedef signed char sint8;\r\ntypedef unsigned char uint8;    \r\ntypedef signed short sint16;\r\ntypedef unsigned short uint16;\r\ntypedef unsigned long uint32;\r\n\r\n\r\n\r\n\r\nint main()\r\n{\r\n    uint32 shovelPrice;\r\n    uint16 coinValue;\r\n    uint8 counter=1;\r\n    scanf(""%u%hu"" , &shovelPrice , &coinValue);\r\n    while(((shovelPrice*counter)%10 != coinValue)&& ((shovelPrice*counter)%10!=0)){\r\n        counter++;\r\n    }\r\n    printf(""%d"" , counter);\r\n\r\n    return 0;\r\n\r\n}\r\n']",A - Buy a Shovel,GNU C11,OK,732
78767683,Akhirul_abir,"['#include <stdio.h>\r\nint main()\r\n{\r\n\tint a,b;\r\n\tscanf(""%d%d"",&a,&b);\r\n\tint i,j;\r\n\tfor(i=1;i<1000;i++)\r\n\t{\r\n\t\tif((a*i)%10==0||(a*i-b)%10==0)\r\n\t\t{\r\n\t\t\tprintf(""%d"",i);\r\n\t\t\tbreak;\r\n\t\t\r\n\t}\r\n\t}\r\n\treturn 0;\r\n\t}']",A - Buy a Shovel,GNU C11,OK,732
78806421,5HaR1ar_The_N00b,"['#include<stdio.h>\r\nint main()\r\n{\r\nint k,r,i;\r\nscanf(""%d %d"",&k,&r);\r\nfor(i=1;;i++)\r\n{\r\nif(((k*i)-r)%10==0 || (k*i)%10 ==0)\r\n{\r\nprintf(""%d\\n"",i);\r\nbreak;\r\n}\r\n}\r\nreturn 0;\r\n}\r\n']",A - Buy a Shovel,GNU C11,OK,732
78814409,sreyachowdary,"['#include<stdio.h>\r\nint main(){\r\n    int k,r,i=1,n=0,c=1,n1=0;\r\n    scanf(""%d%d"",&k,&r);\r\n    while(1){\r\n        n=i*k; \r\n        n1=n%10; \r\n        if(n1==r||n1%10==0){\r\n            break;\r\n        } \r\n        else{\r\n            c++;\r\n        }\r\n        i++;\r\n    } \r\n    printf(""%d"",i); \r\n    return 0;\r\n}\r\n']",A - Buy a Shovel,GNU C11,OK,732
78766707,Akhirul_abir,"['#include <stdio.h>\r\nint main()\r\n{\r\n\tint a,b,c;\r\n\tscanf(""%d%d"",&a,&b);\r\n\tint i;\r\n\tfor(i=1;;i++)\r\n\t{\r\n\t\tb=b+10;\r\n\t\tif(b%a==0)\r\n\t\t{\r\n\t\t\tc=b/a;\r\n\t\t\tbreak;\r\n\t\t}\r\n\t}\r\n\tprintf(""%d"",c);\r\n\treturn 0;\r\n\t}\r\n']",A - Buy a Shovel,GNU C11,TIME_LIMIT_EXCEEDED,732
78629651,hyadess,"['#include<stdio.h>\n\nint main()\n{\n    int n,k,i,str[501];\n    long long int sum=0;\n    scanf(""%d %d"",&n,&k);\n    for(i=0; i<n; i++) {\n        scanf(""%d"",&str[i]);\n        if(i>=1 && k>str[i]+str[i-1])\n        {\n            sum=sum+k-str[i]-str[i-1];\n            str[i]=k-str[i-1];\n        }\n    }\n    printf(""%d\\n"",sum);\n    for(i=0; i<n; i++) {\n        printf(""%d "",str[i]);\n    }\n\n    return 0;\n}']",B - Cormen --- The Best Friend Of a Man,GNU C11,OK,732
78490796,arnobbroy,"['#include<stdio.h>\r\nint main()\r\n{\r\n    int k,r,s,p,i=1;\r\n    scanf(""%d%d"",&k,&r);\r\n    while(1)\r\n    {\r\n        s=k*i;\r\n        if(s%10==0)\r\n        {\r\n            printf(""%d"",i);\r\n            break;\r\n        }\r\n        else if(s%10!=0)\r\n        {\r\n            p=s%10;\r\n            if(p==r)\r\n            {\r\n                printf(""%d"",i);\r\n                break;\r\n            }\r\n        }\r\n        i++;\r\n    }\r\n}\r\n']",A - Buy a Shovel,GNU C11,OK,732
78444581,Fuad32,"['#include<stdio.h>\r\nint main()\r\n{\r\n    int k,r,i,s;\r\n    scanf(""%d%d"",&k,&r);\r\n    for(i=1;;i++){\r\n        s=i*k;\r\n        if(s%10==r || s%10==0){\r\n            printf(""%d"",i);\r\n            break;\r\n        }\r\n    }\r\n\r\n    return 0;\r\n}\r\n']",A - Buy a Shovel,GNU C11,OK,732
78456139,Knight_of_king,"['#include<stdio.h>\r\nint main()\r\n{\r\n    int n,k,r,i=1;\r\n    scanf(""%d %d"",&k,&r);\r\n    while(1)\r\n    {\r\n        n=k*i;\r\n        if(n%10==0)\r\n        {\r\n            break;\r\n        }\r\n        n=n-r;\r\n        if(n>9)\r\n        {\r\n            if(n%10==0)\r\n            {\r\n                break;\r\n            }\r\n        }\r\n        i++;\r\n    }\r\n    //printf(""%d\\n"",n);\r\n    printf(""%d\\n"",i);\r\n    return 0;\r\n}\r\n']",A - Buy a Shovel,GNU C11,WRONG_ANSWER,732
78456383,Knight_of_king,"['#include<stdio.h>\r\nint main()\r\n{\r\n    int n,k,r,i=1;\r\n    scanf(""%d %d"",&k,&r);\r\n    while(1)\r\n    {\r\n        n=k*i;\r\n        if(n%10==0)\r\n        {\r\n            break;\r\n        }\r\n        if(k==r)\r\n        {\r\n            break;\r\n        }\r\n        n=n-r;\r\n        if(n>9)\r\n        {\r\n            if(n%10==0)\r\n            {\r\n                break;\r\n            }\r\n        }\r\n        i++;\r\n    }\r\n    //printf(""%d\\n"",n);\r\n    printf(""%d\\n"",i);\r\n    return 0;\r\n}\r\n']",A - Buy a Shovel,GNU C11,WRONG_ANSWER,732
78461199,navvasaketha,"['#include<stdio.h>\r\nint main(){\r\n    long int k;\r\n    scanf(""%ld"",&k);\r\n    int r,a,b,c;\r\n    scanf(""%d"",&r);\r\n    for(int i=1;i<=k*r;i++){\r\n        b=k*i;\r\n        a=b%10;\r\n        if(a==0||a==r){\r\n            printf(""%d"",i);\r\n            return 0;\r\n        }\r\n    }\r\n}']",A - Buy a Shovel,GNU C11,WRONG_ANSWER,732
78411185,MMN7,"['#include<stdio.h>\r\nint main()\r\n{\r\n   int k,r,i,j,n=100,a=0;\r\n\t\t\t\tscanf(""%d %d"",&k,&r);\r\n\t\t\t\tfor(i=1;i<n;i++)\r\n\t\t\t{\r\n\t\t\t\t\t\t\t\tfor(j=1;(k*i>=10*j);j++)\r\n\t\t\t\t\t\t\t\t{\r\n\t\t\t\t\t\t\t\t\tif(k==r)\r\n\t\t\t\t\t\t\t\t\t\t\t\t{\r\n\t\t\t\t\t\t\t\t\t\t\t\t\t\t\t\tprintf(""%d"",k);\r\n\t\t\t\t\t\t\t\t\t\t\t\t\t\t\t\ta=1;\r\n\t\t\t\t\t\t\t\t\t\t\t\t\t\t\t\tbreak;\r\n\t\t\t\t\t\t\t\t\t\t\t\t}\r\n\t\t\t\t\t\t\t\t\t\t\t\t\telse\tif(k*i==10*j)\r\n\t\t\t\t\t\t\t\t\t\t\t\t{\t\t\t\t\t\t\t\t\t\t\t\t\t\t\t\t\r\n\t\t\t\t\t\t\t\t\t\t\t\t\t\t\t\tprintf(""%d\\n"",i);\r\n\t\t\t\t\t\t\t\t\t\t\t\t\t\t\t\ta=1;\r\n\t\t\t\t\t\t\t\t\t\t\t\t\t\t\t\tbreak;\r\n\t\t\t\t\t\t\t\t\t\t\t\t\t\t\t\t\t\t\t\t\t\t\t\t\t\t\t\t\t\t\t\r\n\t\t\t\t\t\t\t\t\t\t\t\t}\t\r\n\t\t\t\t\t\t\t\t\t\t\t\telse if(k*i==((10*j)+r))\r\n\t\t\t\t\t\t\t\t\t\t\t\t{\r\n\t\t\t\t\t\t\t\t\t\t\t\t\tprintf(""%d\\n"",i);\r\n\t\t\t\t\t\t\t\t\t\t\t\ta=1;\t\t\t\t\t\t\t\r\n\t\t\t\t\t\t\t\t\t\t\t\t\tbreak;\t\t\t\r\n\t\t\t\t\t\t\t\t\t\t\t\t}\r\n\t\t\t\t\t\t\t\t\t\t\t\t\r\nelse;\t\t\t\t\t\t\t\t\t\t\t\r\n\t\t\t\t\t\t\t\t\t\t\t\t\t\t\t  \r\n\t\t\t\t\t\t }\r\n\t\t\t\t\t\t\t\t\r\n\t\tif(a)\r\n\t\t\t\t\t\t\t\t\t\t\t\tbreak;\t\t}\r\n\t\t\t\t\t\t\t\treturn 0;\r\n\t}']",A - Buy a Shovel,GNU C11,WRONG_ANSWER,732
78408210,MMN7,"['#include<stdio.h>\r\nint main()\r\n{\r\n   int k,r,i,j,n=100;\r\n\t\t\t\tscanf(""%d %d"",&k,&r);\r\n\t\t\t\tfor(i=1;;i++)\r\n\t\t\t{\r\n\t\t\t\t\t\t\t\tfor(j=1;(k*i>=10*j);j++)\r\n\t\t\t\t\t\t\t\t{\r\n\t\t\t\t\t\t\t\t\t\t\tif(k*i==10*j)\r\n\t\t\t\t\t\t\t\t\t\t\t\t{\t\t\t\t\t\t\t\t\t\t\t\t\t\t\t\t\r\n\t\t\t\t\t\t\t\t\t\t\t\t\t\t\t\tprintf(""%d"",i);\r\n\t\t\t\t\t\t\t\t\t\t\t\t\t\t\t\tbreak;\r\n\t\t\t\t\t\t\t\t\t\t\t\t\t\t\t\t\r\n\t\t\t\t\t\t\t\t\t\t\t\t}\t\r\n\t\t\t\t\t\t\t\t\t\t\t\telse if(k*i==((10*j)+r))\r\n\t\t\t\t\t\t\t\t\t\t\t\t{\r\n\t\t\t\t\t\t\t\t\t\t\t\t\tprintf(""%d"",i);\r\n\t\t\t\t\t\t\t\t\t\t\t\t\t\t\t\t\t\t\t\r\n\t\t\t\t\t\t\t\t\t\t\t\t\tbreak;\t\t\t\r\n\t\t\t\t\t\t\t\t\t\t\t\t}\r\nelse;\t\t\t\t\t\t\t\t\t\t\t\r\n\t\t\t\t\t}\r\n\t\t\t\t\t\t\t\treturn 0;\r\n}\t\t\t\t\r\n\t\t\t\t\r\n\r\n\t\t\t\t\r\n\t\t\t\t\r\n\t\t\t\t\r\n\t\t\t\t\r\n\t\t\t\t\r\n\t\t\t\t\r\n\t\t\t\t\r\n\t\t\t\t\r\n\t\t\t\t\r\n\t\t\t\t\r\n}']",A - Buy a Shovel,GNU C11,WRONG_ANSWER,732
78410977,Dihu,"['#include<stdio.h>\r\n\r\nint main()\r\n\r\n{\r\n    int k,r,i,j,n;\r\n\r\n    scanf(""%d %d"",&k,&r);\r\n\r\n    n=k%10;\r\n\r\n    for(i=1;i*n%10!=r&&i*n%10!=0;i++) ;\r\n\r\n    printf(""%d"",i);\r\n}\r\n']",A - Buy a Shovel,GNU C11,OK,732
78410675,MMN7,"['#include<stdio.h>\r\nint main()\r\n{\r\n   int k,r,i,j,n=100,a=0;\r\n\t\t\t\tscanf(""%d %d"",&k,&r);\r\n\t\t\t\tfor(i=1;i<n;i++)\r\n\t\t\t{\r\n\t\t\t\t\t\t\t\tfor(j=1;(k*i>=10*j);j++)\r\n\t\t\t\t\t\t\t\t{\r\n\t\t\t\t\t\t\t\t\t\t\tif(k*i==10*j)\r\n\t\t\t\t\t\t\t\t\t\t\t\t{\t\t\t\t\t\t\t\t\t\t\t\t\t\t\t\t\r\n\t\t\t\t\t\t\t\t\t\t\t\t\t\t\t\tprintf(""%d\\n"",i);\r\n\t\t\t\t\t\t\t\t\t\t\t\t\t\t\t\ta=1;\r\n\t\t\t\t\t\t\t\t\t\t\t\t\t\t\t\tbreak;\r\n\t\t\t\t\t\t\t\t\t\t\t\t\t\t\t\t\t\t\t\t\t\t\t\t\t\t\t\t\t\t\t\r\n\t\t\t\t\t\t\t\t\t\t\t\t}\t\r\n\t\t\t\t\t\t\t\t\t\t\t\telse if(k*i==((10*j)+r))\r\n\t\t\t\t\t\t\t\t\t\t\t\t{\r\n\t\t\t\t\t\t\t\t\t\t\t\t\tprintf(""%d\\n"",i);\r\n\t\t\t\t\t\t\t\t\t\t\t\ta=1;\t\t\t\t\t\t\t\r\n\t\t\t\t\t\t\t\t\t\t\t\t\tbreak;\t\t\t\r\n\t\t\t\t\t\t\t\t\t\t\t\t}\r\n\t\t\t\t\t\t\t\t\t\t\t\t\r\nelse;\t\t\t\t\t\t\t\t\t\t\t\r\n\t\t\t\t\t\t\t\t\t\t\t\t\t\t\t  \r\n\t\t\t\t\t\t }\r\n\t\t\t\t\t\t\t\t\r\n\t\tif(a)\r\n\t\t\t\t\t\t\t\t\t\t\t\tbreak;\t\t}\r\n\t\t\t\t\t\t\t\treturn 0;\r\n\t}']",A - Buy a Shovel,GNU C11,WRONG_ANSWER,732
78411310,MMN7,"['#include<stdio.h>\r\nint main()\r\n{\r\n   int k,r,i,j,n=100,a=0;\r\n\t\t\t\tscanf(""%d %d"",&k,&r);\r\n\t\t\t\tfor(i=1;i<n;i++)\r\n\t\t\t{\r\n\t\t\t\t\t\t\t\tfor(j=1;(k*i>=10*j);j++)\r\n\t\t\t\t\t\t\t\t{\r\n\t\t\t\t\t\t\t\t\tif(k<10)\r\n\t\t\t\t\t\t\t\t\t\t\t\t{\r\n\t\t\t\t\t\t\t\t\t\t\t\t\t\t\t\tprintf(""%d"",r);\r\n\t\t\t\t\t\t\t\t\t\t\t\t\t\t\t\ta=1;\r\n\t\t\t\t\t\t\t\t\t\t\t\t\t\t\t\tbreak;\r\n\t\t\t\t\t\t\t\t\t\t\t\t}\r\n\t\t\t\t\t\t\t\t\t\t\t\t\telse\tif(k*i==10*j)\r\n\t\t\t\t\t\t\t\t\t\t\t\t{\t\t\t\t\t\t\t\t\t\t\t\t\t\t\t\t\r\n\t\t\t\t\t\t\t\t\t\t\t\t\t\t\t\tprintf(""%d\\n"",i);\r\n\t\t\t\t\t\t\t\t\t\t\t\t\t\t\t\ta=1;\r\n\t\t\t\t\t\t\t\t\t\t\t\t\t\t\t\tbreak;\r\n\t\t\t\t\t\t\t\t\t\t\t\t\t\t\t\t\t\t\t\t\t\t\t\t\t\t\t\t\t\t\t\r\n\t\t\t\t\t\t\t\t\t\t\t\t}\t\r\n\t\t\t\t\t\t\t\t\t\t\t\telse if(k*i==((10*j)+r))\r\n\t\t\t\t\t\t\t\t\t\t\t\t{\r\n\t\t\t\t\t\t\t\t\t\t\t\t\tprintf(""%d\\n"",i);\r\n\t\t\t\t\t\t\t\t\t\t\t\ta=1;\t\t\t\t\t\t\t\r\n\t\t\t\t\t\t\t\t\t\t\t\t\tbreak;\t\t\t\r\n\t\t\t\t\t\t\t\t\t\t\t\t}\r\n\t\t\t\t\t\t\t\t\t\t\t\t\r\nelse;\t\t\t\t\t\t\t\t\t\t\t\r\n\t\t\t\t\t\t\t\t\t\t\t\t\t\t\t  \r\n\t\t\t\t\t\t }\r\n\t\t\t\t\t\t\t\t\r\n\t\tif(a)\r\n\t\t\t\t\t\t\t\t\t\t\t\tbreak;\t\t}\r\n\t\t\t\t\t\t\t\treturn 0;\r\n\t}']",A - Buy a Shovel,GNU C11,WRONG_ANSWER,732
78411941,MMN7,"['#include<stdio.h>\r\nint main()\r\n{\r\n   int k,r,i,j,n=100,a=0;\r\n\t\t\t\tscanf(""%d %d"",&k,&r);\r\n\t\t\t\tfor(i=1;i<n;i++)\r\n\t\t\t{\r\n\t\t\t\t\t\t\t\tfor(j=0;(k*i>=10*j);j++)\r\n\t\t\t\t\t\t\t\t{\r\n\t\t\t\t\t\t\t\t\t\tif(k*i==10*j)\r\n\t\t\t\t\t\t\t\t\t\t\t\t{\t\t\t\t\t\t\t\t\t\t\t\t\t\t\t\t\r\n\t\t\t\t\t\t\t\t\t\t\t\t\t\t\t\tprintf(""%d\\n"",i);\r\n\t\t\t\t\t\t\t\t\t\t\t\t\t\t\t\ta=1;\r\n\t\t\t\t\t\t\t\t\t\t\t\t\t\t\t\tbreak;\r\n\t\t\t\t\t\t\t\t\t\t\t\t\t\t\t\t\t\t\t\t\t\t\t\t\t\t\t\t\t\t\t\r\n\t\t\t\t\t\t\t\t\t\t\t\t}\t\r\n\t\t\t\t\t\t\t\t\t\t\t\telse if(k*i==((10*j)+r))\r\n\t\t\t\t\t\t\t\t\t\t\t\t{\r\n\t\t\t\t\t\t\t\t\t\t\t\t\tprintf(""%d\\n"",i);\r\n\t\t\t\t\t\t\t\t\t\t\t\ta=1;\t\t\t\t\t\t\t\r\n\t\t\t\t\t\t\t\t\t\t\t\t\tbreak;\t\t\t\r\n\t\t\t\t\t\t\t\t\t\t\t\t}\r\n\t\t\t\t\t\t\t\t\t\t\t\t\r\nelse;\t\t\t\t\t\t\t\t\t\t\t  \r\n\t\t\t\t\t\t\t\t\t\t\t\t\t\t\t  \r\n\t\t\t\t\t\t }\r\n\t\t\t\t\t\t\t\t\r\n\t\tif(a)\r\n\t\t\t\t\t\t\t\t\t\t\t\tbreak;\t\t}\r\n\t\t\t\t\t\t\t\treturn 0;\r\n\t}']",A - Buy a Shovel,GNU C11,OK,732
78418317,Suggest_me1,"['#include <stdio.h>\r\n\r\nint main(void) {\r\n\tint p,q,i=1;\r\n\tscanf(""%d %d"",&p,&q);\r\n\twhile((p*i)%10!=q)\r\n\t{\r\n\t\ti++;\r\n\t}\r\n\tprintf(""%d"",i);\r\n\treturn 0;\r\n}\r\n']",A - Buy a Shovel,GNU C11,WRONG_ANSWER,732
78418964,Suggest_me1,"['#include <stdio.h>\r\n\r\nint main(void) {\r\n\tint p,q,i=1;\r\n\tscanf(""%d %d"",&p,&q);\r\n\twhile((p*i)%10!=q )\r\n\t{\r\n\t\tif((p*i)%10==0 ){\r\n\t\tprintf(""%d"",i);\r\n\t\treturn 0;}\r\n\t\ti++;\r\n\t}\r\n\tprintf(""%d"",i);\r\n\treturn 0;\r\n}']",A - Buy a Shovel,GNU C11,OK,732
78456747,Knight_of_king,"['#include<stdio.h>\r\nint main()\r\n{\r\n    int n,k,r,i=1;\r\n    scanf(""%d %d"",&k,&r);\r\n    while(1)\r\n    {\r\n        n=k*i;\r\n        if(n%10==0)\r\n        {\r\n            break;\r\n        }\r\n        if((i*k)==r)\r\n        {\r\n            break;\r\n        }\r\n        if(k==r)\r\n        {\r\n            break;\r\n        }\r\n        n=n-r;\r\n        if(n>9)\r\n        {\r\n            if(n%10==0)\r\n            {\r\n                break;\r\n            }\r\n        }\r\n        i++;\r\n    }\r\n    //printf(""%d\\n"",n);\r\n    printf(""%d\\n"",i);\r\n    return 0;\r\n}\r\n']",A - Buy a Shovel,GNU C11,OK,732
78415984,Anik_Shanto,"['#include<stdio.h>\r\nint main()\r\n{\r\n    int k, r, n=1, rem;\r\n    scanf(""%d %d"", &k, &r);\r\n    while(1){\r\n        long int num = n*k;\r\n        rem = num%10;\r\n        if(rem == r || rem == 0){\r\n            break;\r\n        }\r\n        n++;\r\n    }\r\n    printf(""%d\\n"", n);\r\n    return 0;\r\n}\r\n']",A - Buy a Shovel,GNU C11,OK,732
78459997,navvasaketha,"['#include<stdio.h>\r\nint main(){\r\n    long int k;\r\n    scanf(""%ld"",&k);\r\n    int r,a;\r\n    scanf(""%d"",&r);\r\n    for(int i=1;i<k;i++){\r\n        k=k*i;\r\n        a=k%10;\r\n        if(a==0||a==r){\r\n            printf(""%d"",i);\r\n            return 0;\r\n        }\r\n    }\r\n}']",A - Buy a Shovel,GNU C11,WRONG_ANSWER,732
78460148,navvasaketha,"['#include<stdio.h>\r\nint main(){\r\n    long int k;\r\n    scanf(""%ld"",&k);\r\n    int r,a,b;\r\n    scanf(""%d"",&r);\r\n    for(int i=1;i<k;i++){\r\n        b=k*i;\r\n        a=k%10;\r\n        if(a==0||a==r){\r\n            printf(""%d"",i);\r\n            return 0;\r\n        }\r\n    }\r\n}']",A - Buy a Shovel,GNU C11,WRONG_ANSWER,732
78460237,navvasaketha,"['#include<stdio.h>\r\nint main(){\r\n    long int k;\r\n    scanf(""%ld"",&k);\r\n    int r,a,b;\r\n    scanf(""%d"",&r);\r\n    for(int i=1;i<k;i++){\r\n        b=k*i;\r\n        a=b%10;\r\n        if(a==0||a==r){\r\n            printf(""%d"",i);\r\n            return 0;\r\n        }\r\n    }\r\n}']",A - Buy a Shovel,GNU C11,WRONG_ANSWER,732
78278034,u1904103,"['#include<stdio.h>\r\nint main()\r\n{\r\n    int k,r,i=1,b;\r\n    scanf(""%d%d"",&k,&r);\r\n    lvl:\r\n        b=i*k;\r\n        if(b%10==0)\r\n            goto c;\r\n        else if((b-r)%10==0)\r\n            goto c;\r\n        else\r\n        {\r\n            ++i;\r\n            goto lvl;\r\n        }\r\n        c:\r\n            printf(""%d\\n"",i);\r\n            return 0;\r\n}\r\n']",A - Buy a Shovel,GNU C11,OK,732
78304122,Mehrazzefthe,"['#include <stdio.h>\r\nint main(void)\r\n{\r\n    int k, r, i;\r\n    scanf(""%d %d"", &k, &r);\r\n    for(i = 1; i <= k; i++)\r\n    {\r\n        if((k * i) % 10 == r || (k * i) % 10 == 0)\r\n            break;\r\n    }\r\n    printf(""%d\\n"", i);\r\n    return 0;\r\n}\r\n']",A - Buy a Shovel,GNU C11,WRONG_ANSWER,732
78316634,RAKIB_2001,"['#include<stdio.h>\r\nint main()\r\n{\r\n    int k,r,i,x,y,p;\r\n    scanf(""%d %d"",&k,&r);\r\n    for(i=1; ;i++){\r\n        x=i*k;\r\n\r\n        if(x%10==0){\r\n            y=i;\r\n            printf(""%d\\n"",y);\r\n            return 0;\r\n        }\r\n        else{\r\n            p=x%10;\r\n            if(p==r){\r\n                y=i;\r\n                printf(""%d\\n"",y);\r\n                return 0;\r\n            }\r\n        }\r\n\r\n    }\r\n}\r\n']",A - Buy a Shovel,GNU C11,OK,732
78125104,AlifArshad,"['#include <stdio.h>\r\nint main()\r\n{\r\n    int k, r, last, count = 1;\r\n    scanf(""%d %d"", &k, &r);\r\n    last = k % 10;\r\n    while(last != r && last)\r\n    {\r\n        last = (last + k) % 10;\r\n        count++;\r\n    }\r\n    printf(""%d"", count);\r\n    return 0;\r\n}']",A - Buy a Shovel,GNU C11,OK,732
78100479,sec_shakil,"['#include<stdio.h>\r\nint main()\r\n{\r\n    int k, r, i;\r\n    1<=k<=1000, 1<=r<=9;\r\n\r\n    scanf(""%d%d"", &k, &r);\r\n\r\n    if(k%10==r)\r\n        printf(""1\\n"");\r\n\r\n    else if(k%10==0)\r\n        printf(""1\\n"");\r\n\r\n    else if(k%10!=r)\r\n    {\r\n        for(i=2; i<10; i++)\r\n        {\r\n            if((k*i)%10==r)\r\n                {\r\n                 printf(""%d\\n"", i);\r\n                 break;\r\n            }\r\n\r\n\r\n            else  if((k*i)%10==0)\r\n               {\r\n                printf(""%d\\n"", i);\r\n                break;\r\n               }\r\n        }\r\n    }\r\n    return 0;\r\n}\r\n']",A - Buy a Shovel,GNU C11,OK,732
78304305,Mehrazzefthe,"['#include <stdio.h>\r\nint main(void)\r\n{\r\n    int k, r, i;\r\n    scanf(""%d %d"", &k, &r);\r\n    for(i = 1; i <= 1000; i++)\r\n    {\r\n        if((k * i) % 10 == r || (k * i) % 10 == 0)\r\n            break;\r\n    }\r\n    printf(""%d\\n"", i);\r\n    return 0;\r\n}\r\n']",A - Buy a Shovel,GNU C11,OK,732
78099671,sec_shakil,"['#include<stdio.h>\r\nint main()\r\n{\r\n    int k, r, i;\r\n    1<=k<=1000, 1<=r<=9;\r\n    while(1){\r\n    scanf(""%d%d"", &k, &r);\r\n\r\n    if(k%10==r)\r\n        printf(""1\\n"");\r\n\r\n    else if(k%10==0)\r\n        printf(""1\\n"");\r\n\r\n    else if(k%10!=r)\r\n    {\r\n        for(i=2; i<10; i++)\r\n        {\r\n            if((k*i)%10==r)\r\n                printf(""%d\\n"", i);\r\n\r\n            else  if((k*i)%10==0)\r\n               {\r\n                printf(""%d\\n"", i);\r\n                break;\r\n               }\r\n        }\r\n    }\r\n    }\r\n    return 0;\r\n}\r\n']",A - Buy a Shovel,GNU C11,TIME_LIMIT_EXCEEDED,732
78107777,Shamimss,"['#include<stdio.h>\r\nint main()\r\n{\r\nint n,a,b,i,count=0,x,y,z,c;\r\nscanf(""%d %d"",&a,&b);\r\nfor(i=1;i<100000000;i++)\r\n{\r\n\r\n    x=a*i;\r\n    y=x%10;\r\n    z=x/10;\r\n    c=z*10+b;\r\n   if((y==0)||(c==x))\r\n   {\r\n       printf(""%d"",i);\r\n       break;\r\n   }\r\n}\r\n}\r\n']",A - Buy a Shovel,GNU C11,OK,732
78102530,PulokSaha,"['#include <stdio.h>\r\n#include <stdlib.h>\r\n\r\nint main()\r\n{\r\n    int k,r,i,x;\r\n    while(~scanf(""%d %d"",&k,&r))\r\n    {\r\n        for(i=1;i>0;i++)\r\n        {\r\n            x=k*i;\r\n            x%=10;\r\n            //printf(""%d\\n"",x);\r\n            if(x==r || x==0)\r\n            {\r\n                printf(""%d\\n"",i);\r\n                break;\r\n            }\r\n        }\r\n    }\r\n    return 0;\r\n}\r\n']",A - Buy a Shovel,GNU C11,OK,732
78124233,msh07,"['#include<stdio.h>\r\nint main()\r\n{\r\n    int k,r,i=0,p;\r\n    scanf(""%d %d"",&k,&r);\r\n    if(k%10==5)\r\n    {\r\n        printf(""2"");\r\n        return 0;\r\n    }\r\n    if(k%10==0)\r\n    {\r\n        printf(""1"");\r\n        return 0;\r\n    }\r\n    do\r\n    {\r\n        i++;\r\n        p = k*i;\r\n    }while(p%10!=r);\r\n    printf(""%d"",i);\r\n}\r\n']",A - Buy a Shovel,GNU C11,TIME_LIMIT_EXCEEDED,732
78099820,sec_shakil,"['#include<stdio.h>\r\nint main()\r\n{\r\n    int k, r, i;\r\n    1<=k<=1000, 1<=r<=9;\r\n\r\n    scanf(""%d%d"", &k, &r);\r\n\r\n    if(k%10==r)\r\n        printf(""1\\n"");\r\n\r\n    else if(k%10==0)\r\n        printf(""1\\n"");\r\n\r\n    else if(k%10!=r)\r\n    {\r\n        for(i=2; i<10; i++)\r\n        {\r\n            if((k*i)%10==r)\r\n                printf(""%d\\n"", i);\r\n\r\n            else  if((k*i)%10==0)\r\n               {\r\n                printf(""%d\\n"", i);\r\n                break;\r\n               }\r\n        }\r\n    }\r\n    return 0;\r\n}\r\n']",A - Buy a Shovel,GNU C11,WRONG_ANSWER,732
78124671,msh07,"['#include<stdio.h>\r\nint main()\r\n{\r\n    int k,r,i=0,p;\r\n    scanf(""%d %d"",&k,&r);\r\n    if(k%10==5)\r\n    {\r\n        printf(""2"");\r\n        return 0;\r\n    }\r\n    if(k%10==0)\r\n    {\r\n        printf(""1"");\r\n        return 0;\r\n    }\r\n    if(k%10==8)\r\n    {\r\n        printf(""5"");\r\n        return 0;\r\n    }\r\n    do\r\n    {\r\n        i++;\r\n        p = k*i;\r\n    }while(p%10!=r);\r\n    printf(""%d"",i);\r\n}\r\n']",A - Buy a Shovel,GNU C11,WRONG_ANSWER,732
78124858,msh07,"['#include<stdio.h>\r\nint main()\r\n{\r\n    int k,r,i=0,p;\r\n    scanf(""%d %d"",&k,&r);\r\n    if(k%10==5)\r\n    {\r\n        printf(""2"");\r\n        return 0;\r\n    }\r\n    if(k%10==0)\r\n    {\r\n        printf(""1"");\r\n        return 0;\r\n    }\r\n    if(k%10==8 && r%2!=0)\r\n    {\r\n        printf(""5"");\r\n        return 0;\r\n    }\r\n    do\r\n    {\r\n        i++;\r\n        p = k*i;\r\n    }while(p%10!=r);\r\n    printf(""%d"",i);\r\n}\r\n']",A - Buy a Shovel,GNU C11,TIME_LIMIT_EXCEEDED,732
78091773,Thank_you,"['#include<stdio.h>\r\nint main()\r\n{\r\n    int a,b,c,i;\r\n    scanf(""%d%d"",&a,&b);\r\n    for(i=1; i<1000; i++)\r\n    {\r\n        if((a*i)%10==0 || (a*i)%10==b)\r\n            break;\r\n    }\r\n    printf(""%d\\n"",i);\r\nreturn 0;\r\n}\r\n']",A - Buy a Shovel,GNU C11,OK,732
78125151,msh07,"['#include<stdio.h>\r\nint main()\r\n{\r\n    int k,r,i=0,p;\r\n    scanf(""%d %d"",&k,&r);\r\n    if(k%10==5 && r!=5)\r\n    {\r\n        printf(""2"");\r\n        return 0;\r\n    }\r\n    if(k%10==0)\r\n    {\r\n        printf(""1"");\r\n        return 0;\r\n    }\r\n    if(k%10==8 && r%2!=0)\r\n    {\r\n        printf(""5"");\r\n        return 0;\r\n    }\r\n    if(k%10==2 && r%2!=0)\r\n    {\r\n        printf(""5"");\r\n        return 0;\r\n    }\r\n    if(k%10==6 && r%2!=0)\r\n    {\r\n        printf(""5"");\r\n        return 0;\r\n    }\r\n    if(k%10==4 && r%2!=0)\r\n    {\r\n        printf(""5"");\r\n        return 0;\r\n    }\r\n    do\r\n    {\r\n        i++;\r\n        p = k*i;\r\n    }while(p%10!=r);\r\n    printf(""%d"",i);\r\n}\r\n']",A - Buy a Shovel,GNU C11,OK,732
78125055,msh07,"['#include<stdio.h>\r\nint main()\r\n{\r\n    int k,r,i=0,p;\r\n    scanf(""%d %d"",&k,&r);\r\n    if(k%10==5)\r\n    {\r\n        printf(""2"");\r\n        return 0;\r\n    }\r\n    if(k%10==0)\r\n    {\r\n        printf(""1"");\r\n        return 0;\r\n    }\r\n    if(k%10==8 && r%2!=0)\r\n    {\r\n        printf(""5"");\r\n        return 0;\r\n    }\r\n    if(k%10==2 && r%2!=0)\r\n    {\r\n        printf(""5"");\r\n        return 0;\r\n    }\r\n    if(k%10==6 && r%2!=0)\r\n    {\r\n        printf(""5"");\r\n        return 0;\r\n    }\r\n    if(k%10==4 && r%2!=0)\r\n    {\r\n        printf(""5"");\r\n        return 0;\r\n    }\r\n    do\r\n    {\r\n        i++;\r\n        p = k*i;\r\n    }while(p%10!=r);\r\n    printf(""%d"",i);\r\n}\r\n']",A - Buy a Shovel,GNU C11,WRONG_ANSWER,732
78460588,navvasaketha,"['#include<stdio.h>\r\nint main(){\r\n    long int k;\r\n    scanf(""%ld"",&k);\r\n    int r,a,b;\r\n    scanf(""%d"",&r);\r\n    for(int i=1;i<k+1;i++){\r\n        b=k*i;\r\n        a=b%10;\r\n        if(a==0||a==r){\r\n            printf(""%d"",i);\r\n            return 0;\r\n        }\r\n    }\r\n}']",A - Buy a Shovel,GNU C11,WRONG_ANSWER,732
78461559,navvasaketha,"['#include<stdio.h>\r\nint main(){\r\n    long int k;\r\n    scanf(""%ld"",&k);\r\n    int r,a,b;\r\n    scanf(""%d"",&r);\r\n    int i=1;\r\n    while(k!=0){\r\n        b=k*i;\r\n        a=b%10;\r\n        if(a==0||a==r){\r\n            printf(""%d"",i);\r\n            return 0;\r\n        }\r\n        i++;\r\n    }\r\n}']",A - Buy a Shovel,GNU C11,OK,732
77982716,SHA_75,"['#include <stdio.h>\r\n#include<math.h>\r\nint main()\r\n{\r\n\r\n      int n,a,ans1,ans2,b,i,j=0;\r\n      scanf(""%d %d"",&n,&a);\r\nif(a==1||b==1)\r\n{\r\n     if(a==1||n==1)\r\n            printf(""%d"",n*a);\r\n}\r\n    else if(a!=1&&n!=1){\r\n        for(i=1;i<n;i++)\r\n     {\r\n         ans1=10*i;\r\n          if((ans1+a)%n==0)\r\n         {\r\n             printf(""%d"",(ans1+a)/n);\r\n             break;\r\n         }\r\n   else if(ans1%n==0)\r\n   {\r\n       printf(""%d"",ans1/n);\r\n       break;\r\n   }\r\n\r\n     }\r\n    }\r\n\r\n   return 0;\r\n}\r\n\r\n']",A - Buy a Shovel,GNU C11,WRONG_ANSWER,732
77981873,SHA_75,"['#include <stdio.h>\r\n#include<math.h>\r\nint main()\r\n{\r\n\r\n      int n,a,ans1,ans2,b,i,j=0;\r\n      scanf(""%d %d"",&n,&a);\r\n     for(i=1;i<n;i++)\r\n     {\r\n         ans1=10*i;\r\n\r\n         if((ans1+a)%n==0)\r\n         {\r\n             printf(""%d"",(ans1+a)/n);\r\n             break;\r\n         }\r\n   else if(ans1%n==0)\r\n   {\r\n       printf(""%d"",ans1/n);\r\n       break;\r\n   }\r\n\r\n     }\r\n\r\n\r\n   return 0;\r\n}\r\n\r\n']",A - Buy a Shovel,GNU C11,WRONG_ANSWER,732
77982874,SHA_75,[],A - Buy a Shovel,GNU C11,WRONG_ANSWER,732
77986979,Flames2012,"['#include<stdio.h>\r\n#include<math.h>\r\n\r\nint is_int(double x){\r\n    double fract, i;\r\n    fract = modf(x, &i);\r\n    \r\n    if(fract == 0)\r\n        return 1;\r\n    else \r\n        return 0;\r\n}\r\n\r\nint main(){\r\n    int k, r,n = 0;\r\n    double a;\r\n    scanf(""%d %d"", &k, &r );\r\n    \r\n    do{\r\n        a = (n * k - r)/(float)10;\r\n        n++;\r\n    }\r\n    while(!is_int(a));\r\n    \r\n    printf(""%d"", n - 1);\r\n}']",A - Buy a Shovel,GNU C11,WRONG_ANSWER,732
77983068,SHA_75,"['#include <stdio.h>\r\n#include<math.h>\r\nint main()\r\n{\r\n\r\n      int n,a,ans1,ans2,b,i,j=0;\r\n      scanf(""%d %d"",&n,&a);\r\nif(a<10&&b<10||a==1||n==1)\r\n{\r\n\r\n            printf(""%d"",n*a);\r\n}\r\nelse{\r\n        for(i=1;i<n;i++)\r\n     {\r\n         ans1=10*i;\r\n          if((ans1+a)%n==0)\r\n         {\r\n             printf(""%d"",(ans1+a)/n);\r\n             break;\r\n         }\r\n   else if(ans1%n==0)\r\n   {\r\n       printf(""%d"",ans1/n);\r\n       break;\r\n   }\r\n\r\n     }\r\n    }\r\n\r\n   return 0;\r\n}\r\n\r\n']",A - Buy a Shovel,GNU C11,WRONG_ANSWER,732
77989744,Flames2012,[],A - Buy a Shovel,GNU C11,OK,732
77988650,Flames2012,"['#include<stdio.h>\r\n#include<math.h>\r\n\r\nint\r\nis_int (double x)\r\n{\r\n  double fract, i;\r\n  fract = modf (x, &i);\r\n\r\n  if (fract == 0)\r\n    return 1;\r\n  else\r\n    return 0;\r\n}\r\n\r\nint\r\nmain ()\r\n{\r\n  int k, r, n = 1;\r\n  double a = 0.5;\r\n  scanf (""%d %d"", &k, &r);\r\n\r\n  while (n++)\r\n    {\r\n        a = n * k / (float) 10;\r\n        if (is_int (a))\r\n\t        break;\r\n        if(r == n * k % 10)\r\n            break;\r\n    }\r\n\r\n  printf (""%d"", n);\r\n}\r\n']",A - Buy a Shovel,GNU C11,WRONG_ANSWER,732
77991865,sakshi68,"['#include<stdio.h>\r\nint main()\r\n{\r\n    int k,r,t,n=1,p;\r\n    scanf(""%d %d"",&k,&r);\r\n    t=k%10;\r\n    for(int i=1;t!=0;i++)\r\n    {\r\n        p=i*k;\r\n        t=p%10;\r\n        if(t==0)\r\n         n++;\r\n        if(t==r)\r\n        {\r\n            n++;\r\n            break;\r\n        }\r\n        else\r\n        n++;\r\n    }\r\n    printf(""%d"",n);\r\n    return 0;\r\n}']",A - Buy a Shovel,GNU C11,WRONG_ANSWER,732
77927572,Rahin31,"['#include<stdio.h>\r\nint main()\r\n{\r\n    int n,i,p,k;\r\n    scanf(""%d %d"",&p,&k);\r\n    for(i=1;;i++)\r\n    {\r\n       n=i*p;\r\n       if(n%10==k||n%10==0)\r\n       {\r\n           break;\r\n       }\r\n    }\r\n    printf(""%d\\n"",i);\r\n    return 0;\r\n}\r\n']",A - Buy a Shovel,GNU C11,OK,732
77992056,sakshi68,"['#include<stdio.h>\r\nint main()\r\n{\r\n    int k,r,t,n=0,p;\r\n    scanf(""%d %d"",&k,&r);\r\n    t=k%10;\r\n    for(int i=1;t!=0;i++)\r\n    {\r\n        p=i*k;\r\n        t=p%10;\r\n        if(t==0)\r\n         n++;\r\n        if(t==r)\r\n        {\r\n            n++;\r\n            break;\r\n        }\r\n        else\r\n        n++;\r\n    }\r\n    printf(n==0?1:""%d"",n);\r\n    return 0;\r\n}']",A - Buy a Shovel,GNU C11,WRONG_ANSWER,732
77992278,sakshi68,"['#include<stdio.h>\r\nint main()\r\n{\r\n    int k,r,t,n=1,p;\r\n    scanf(""%d %d"",&k,&r);\r\n    t=k%10;\r\n    for(int i=2;t!=0;i++)\r\n    {\r\n        p=i*k;\r\n        t=p%10;\r\n        if(t==0)\r\n         n++;\r\n        if(t==r)\r\n        {\r\n            n++;\r\n            break;\r\n        }\r\n        else\r\n        n++;\r\n    }\r\n    printf(""%d"",n);\r\n    return 0;\r\n}']",A - Buy a Shovel,GNU C11,WRONG_ANSWER,732
77992399,sakshi68,[],A - Buy a Shovel,GNU C11,WRONG_ANSWER,732
77996377,sakshi68,"['#include<stdio.h>\r\nint main()\r\n{\r\n    int k,r,t,n=1,p;\r\n    scanf(""%d %d"",&k,&r);\r\n    t=k%10;\r\n    for(int i=2;t!=r&&t!=0;i++)\r\n    {\r\n        p=i*k;\r\n        t=p%10;\r\n        if(t==0)\r\n         n++;\r\n        if(t==r)\r\n        {\r\n            n++;\r\n            break;\r\n        }\r\n        else\r\n        n++;\r\n    }\r\n    printf(""%d"",n);\r\n    return 0;\r\n}']",A - Buy a Shovel,GNU C11,WRONG_ANSWER,732
77996639,sakshi68,"['#include<stdio.h>\r\nint main()\r\n{\r\n    int k,r,t,n=1,p;\r\n    scanf(""%d %d"",&k,&r);\r\n    t=k%10;\r\n    for(int i=2;t!=r&&t!=0;i++)\r\n    {\r\n        p=i*k;\r\n        t=p%10;\r\n        if(t==0)\r\n        { n++;\r\n        break;\r\n        }\r\n        else if(t==r)\r\n        {\r\n            n++;\r\n            break;\r\n        }\r\n        else\r\n        n++;\r\n    }\r\n    printf(""%d"",n);\r\n    return 0;\r\n}']",A - Buy a Shovel,GNU C11,OK,732
78006841,SHA_75,[],A - Buy a Shovel,GNU C11,WRONG_ANSWER,732
77875782,Arif30,"['\r\n#include<stdio.h>\r\nint main()\r\n{\r\n    int m,k,r,i;\r\n    scanf(""%d%d"",&m,&r);\r\n    for(i=1;i>0;i++)\r\n    {\r\n        k=m*i;\r\n        if(k%10==r || k%10==0)\r\n        {\r\n            printf(""%d\\n"",i);\r\n            return 0;\r\n        }\r\n    }\r\n    return 0;\r\n}\r\n']",A - Buy a Shovel,GNU C11,OK,732
78007279,SHA_75,"['#include <stdio.h>\r\n#include<math.h>\r\nint main()\r\n{\r\nint t;\r\nscanf(""%d"",&t);\r\nwhile(t--){\r\n      int n,a,ans,ans2,b,i,j=0;\r\n      scanf(""%d %d"",&n,&a);\r\n  if(n%10==a)\r\n    printf(""1\\n"");\r\n  else\r\n  {\r\n       if(n==1)\r\n        printf(""%d\\n"",n*a);\r\n       else{\r\n      for(i=1;i<=n;i++)\r\n      {\r\n          ans=i*n;\r\n          if(ans%10==a||ans%10==0)\r\n          {\r\n              printf(""%d\\n"",i);\r\n            break;\r\n          }\r\n      }\r\n  }\r\n  }\r\n}\r\n   return 0;\r\n}\r\n\r\n']",A - Buy a Shovel,GNU C11,WRONG_ANSWER,732
78007358,SHA_75,[],A - Buy a Shovel,GNU C11,WRONG_ANSWER,732
77913488,yeasin97,"['#include<stdio.h>\r\nint main()\r\n{\r\n   int price,coin,total,i,j,k;\r\n   scanf(""%d%d"",&price,&coin);\r\n   i=1;\r\n   while((price*i)%10 != 0 && (price*i)%10 != coin)\r\n   {\r\n       i++;\r\n   }\r\n   printf(""%d"",i);\r\n}']",A - Buy a Shovel,GNU C11,OK,732
78008306,SHA_75,"['#include <stdio.h>\r\n#include<math.h>\r\nint main()\r\n{\r\n      int n,a,ans,ans2,b,i,j=0;\r\n      scanf(""%d %d"",&n,&a);\r\n  if(n%10==a)\r\n    printf(""1\\n"");\r\n  else\r\n  {\r\n       if(n==1)\r\n        printf(""%d\\n"",n*a);\r\n//      else if()\r\n       else{\r\n      for(i=1;;i++)\r\n      {\r\n          ans=i*n;\r\n          if(ans%10==a||ans%10==0)\r\n          {\r\n              printf(""%d\\n"",i);\r\n            break;\r\n          }\r\n      }\r\n  }\r\n  }\r\n\r\n   return 0;\r\n}\r\n\r\n']",A - Buy a Shovel,GNU C11,OK,732
78019856,SlavicG,[],A - Buy a Shovel,GNU C11,OK,732
77884460,ftowaha,"['#include<stdio.h>\r\nint main()\r\n{\r\n    int a,b,i=1,c;\r\n    scanf(""%d %d"",&a,&b);\r\n    while(1)\r\n    {\r\n        c=a*i;\r\n        if(c%10==0)\r\n        {\r\n            printf(""%d\\n"",i);\r\n            break;\r\n        }\r\n        else if((c-b)%10==0)\r\n        {\r\n            printf(""%d\\n"",i);\r\n            break;\r\n        }\r\n        i++;\r\n    }\r\n    return 0;\r\n}']",A - Buy a Shovel,GNU C11,OK,732
78020059,SlavicG,"['#include <stdio.h>\r\nint main()\r\n{\r\n    int k,r;\r\n    scanf(""%d %d"",&k,&r);\r\n    int i = 0;\r\n    int flag = 0;\r\n    while(flag != 1)\r\n    {\r\n        i++;\r\n        if(((k * i - r) % 10 == 0) || ((k * i) % 10 == 0))\r\n        {\r\n            flag = 1;\r\n        }\r\n    }\r\n    printf(""%d"",i);\r\n    return 0;\r\n}\r\n']",A - Buy a Shovel,GNU C11,OK,732
77667737,vjudge3,"['#include<stdio.h>\nint main()\n{\n    int k,p,r,i,c,l,j;\n    scanf(""%d %d"",&k,&r);\n    for(i=1; ;i++)\n    {\n        p=k*i;\n        c=p%10;\n        if(c==0)\n        break;\n        else\n        {\n            l=c/r;\n            j=c%r;\n            if(l==1 && j==0)\n            break;\n        }\n    }\n    printf(""%d\\n"",i);\n}\n    \t\t \t     \t\t  \t \t \t \t \t\t\t\t\t\t']",A - Buy a Shovel,GNU C11,OK,732
77673030,AlveRahman,"['#include<stdio.h>\r\nint main()\r\n{\r\n    int n,i=1,k,x,y;\r\n    scanf(""%d %d"",&n,&k);\r\n    x=n%10;\r\n    y=x;\r\n    while(y!=k&&y!=0)\r\n    {\r\n        i++;\r\n        y=x*i;\r\n        y%=10;\r\n    }\r\n    printf(""%d\\n"",i);\r\n    return 0;\r\n}\r\n']",A - Buy a Shovel,GNU C11,OK,732
77627232,Tarique_Abid,"['#include<stdio.h>\r\nint main()\r\n{\r\n    int k,r,i;\r\n    scanf(""%d%d"", &k,&r);\r\n    for(i=1;i<=10;i++)\r\n    {\r\n        if((i*k)%10==0||(i*k)%10==r)\r\n        {\r\n            printf(""%d"", i);\r\n            break;\r\n        }\r\n    }\r\n    return 0;\r\n}']",A - Buy a Shovel,GNU C11,OK,732
77583702,Sajid064,"['#include<stdio.h>\r\nint main()\r\n{\r\n    long long k,r,i,l;\r\n    scanf(""%lld%lld"",&k,&r);\r\n    for(i=1;i>=1;i++)\r\n    {\r\n        l=k*i;\r\n        if(l%10==0||l%10==r)\r\n        {\r\n            printf(""%lld\\n"",i);\r\n            break;\r\n        }\r\n    }\r\n    return 0;\r\n}\r\n']",A - Buy a Shovel,GNU C11,OK,732
77613896,Shahed_955,"['#include <stdio.h>\r\n\r\nint main()\r\n{\r\n    int k, r, sum, cnt, rem, i;\r\n    scanf(""%d %d"", &k, &r);\r\n    sum=0;\r\n    cnt=0;\r\n    for (i=0; ; i++) {\r\n        sum+=k;\r\n        rem=sum%10;\r\n        cnt++;\r\n        if (rem==0 || rem==r) break;\r\n    }\r\n    printf(""%d\\n"", cnt);\r\n}\r\n']",A - Buy a Shovel,GNU C11,OK,732
77387412,Muntasir_Hossain,"['#include <stdio.h>\r\n\r\nint main()\r\n{\r\n    int i,k,r;\r\n    scanf(""%d%d"",&k,&r);\r\n    \r\n    i=0;\r\n    do\r\n    {\r\n    i++;\r\n    }\r\n    while(i*k%10!=r);\r\n    \r\n    printf(""%d"",i);\r\n    return 0;\r\n}']",A - Buy a Shovel,GNU C11,WRONG_ANSWER,732
77388734,Muntasir_Hossain,"['#include <stdio.h>\r\n\r\nint main()\r\n{\r\n    int i,k,r;\r\n    scanf(""%d%d"",&k,&r);\r\n    \r\n    i=0;\r\n    do\r\n    {\r\n    i++;\r\n    if(i*k%10==0)\r\n    break;\r\n    }\r\n    while(i*k%10!=r);\r\n    \r\n    printf(""%d"",i);\r\n    return 0;\r\n}']",A - Buy a Shovel,GNU C11,OK,732
77387946,Muntasir_Hossain,"['#include <stdio.h>\r\n\r\nint main()\r\n{\r\n    int i,k,r;\r\n    scanf(""%d%d"",&k,&r);\r\n    \r\n    i=0;\r\n    do\r\n    {\r\n    i++;\r\n    }\r\n    while(i*k%10!=r || i*k%10!=0);\r\n    \r\n    printf(""%d"",i);\r\n    return 0;\r\n}']",A - Buy a Shovel,GNU C11,TIME_LIMIT_EXCEEDED,732
77357671,Nihan,"['#include<stdio.h>\r\nint main()\r\n{\r\n    int k,r,i;\r\n    scanf(""%d %d"",&k,&r);\r\n    for(i=1; ;i++)\r\n    {\r\n        if(k*i%10==0||((k*i)%10-r)==0)\r\n           {\r\n            printf(""%d\\n"",i);\r\n        break;}\r\n    }\r\n    return 0;\r\n}\r\n']",A - Buy a Shovel,GNU C11,OK,732
77337125,random_from_vmk,[],A - Buy a Shovel,GNU C11,WRONG_ANSWER,732
77337685,random_from_vmk,"['#include <stdio.h>\n\nint main() \n{\n\tunsigned k, r, sum, count = 1;\n\tscanf(""%u %u\\n"", &k, &r);\n\tsum = k;\n\n\twhile (1)\n\t{\n\t\tif ((sum-r) % 10 == 0)\n\t\t\tif (sum > r)\n\t\t\t\tbreak;\n\t\tif (sum % 10 == 0)\n\t\t\tbreak;\n\t\tif (k <= r)\n\t\t\tbreak;\n\t\tsum += k;\n\t\tcount++;\n\t}\n\n\tprintf(""%u\\n"", count);\n\treturn 0;\n}\n']",A - Buy a Shovel,GNU C11,WRONG_ANSWER,732
77338460,random_from_vmk,"['#include <stdio.h>\n\nint main() \n{\n\tint k, r, sum, count = 1;\n\tscanf(""%u %u\\n"", &k, &r);\n\tsum = k;\n\n\twhile (1)\n\t{\n\t\tif ((sum-r) % 10 == 0)\n\t\t\tif (sum > r)\n\t\t\t\tbreak;\n\t\tif (sum % 10 == 0)\n\t\t\tbreak;\n\t\tif (k == r)\n\t\t\tbreak;\n\t\tsum += k;\n\t\tcount++;\n\t}\n\n\tprintf(""%u\\n"", count);\n\treturn 0;\n}\n']",A - Buy a Shovel,GNU C11,WRONG_ANSWER,732
77338595,random_from_vmk,"['#include <stdio.h>\n\nint main() \n{\n\tint k, r, sum, count = 1;\n\tscanf(""%u %u\\n"", &k, &r);\n\tsum = k;\n\n\twhile (1)\n\t{\n\t\tif ((sum-r) % 10 == 0)\n\t\t\tif (sum > r)\n\t\t\t\tbreak;\n\t\tif (sum % 10 == 0)\n\t\t\tbreak;\n\t\tif (sum == r)\n\t\t\tbreak;\n\t\tsum += k;\n\t\tcount++;\n\t}\n\n\tprintf(""%u\\n"", count);\n\treturn 0;\n}\n']",A - Buy a Shovel,GNU C11,OK,732
77264294,Sefat3674,"['#include<stdio.h>\r\nint main()\r\n{\r\n    int a,b,i;\r\n    scanf(""%d %d"",&a,&b);\r\n    for(i=1;;i++)\r\n    {\r\n        if(((a*i)-b)%10 ==0 || (a*i)%10==0)\r\n        {\r\n            printf(""%d\\n"",i);\r\n            break;\r\n        }\r\n    }\r\n    return 0;\r\n}\r\n']",A - Buy a Shovel,GNU C11,OK,732
77209003,hAsanKabid241,"['/*\r\n* @Author: Kabid\r\n* @Date:   2020-04-16 00:45:39\r\n*/\r\n\r\n#include <stdio.h>\r\n#include <math.h>\r\n#include <string.h>\r\n#include <stdlib.h>\r\n#include <ctype.h>\r\n#define in(x)  scanf(""%d"", &x);\r\n#define ins(x) scanf(""%s"", &x);\r\n#define out(x) printf(""%d"", x);\r\n#define _ putchar(\' \');\r\n#define lin puts("""");\r\n\r\nint t,i,j,k,l,x=0,r;\r\nint c=0,m=0;\r\nchar s[100001];\r\n//char sa[]={""10""},sb[]={""01""};\r\nint a[50],b[50],e[101]={0},g[101]={0};\r\nint main(){\r\n\tin(k) in(r)\r\n\t//ins(s)\r\n\t//l=strlen(s);\r\n\twhile(1){\r\n\t\tc++;\r\n\t\ti=(k*c)%10;\r\n\t\tif(i==r||i==0){\r\n\t\t\tbreak;\r\n\t\t\t\r\n\t\t}\r\n\r\n\t}\r\n\t\r\n\t\r\n\t\r\n\t\r\n\tout(c)\r\n\tlin\r\n\r\n\r\n    return 0;\r\n\t}\r\n\t\t\r\n']",A - Buy a Shovel,GNU C11,OK,732
77218154,Akib37,"['#include<stdio.h>\r\nint main()\r\n{\r\n    int k,r,n,i=1,m,s1,s2,s;\r\n    scanf(""%d %d"",&k,&r);\r\n    while(1)\r\n    {\r\n        m=k*i;\r\n        s=m/10;\r\n        s1=(s*10)+r;\r\n        s2=(s*10);\r\n        if(s1==m || s2==m)\r\n        {\r\n            printf(""%d"",i);\r\n            return 0;\r\n        }\r\n        i++;\r\n    }\r\n}\r\n']",A - Buy a Shovel,GNU C11,OK,732
77224982,Ferb97,"['#include<stdio.h>\r\nint main()\r\n{\r\n    int k,r,i;\r\n    scanf(""%d%d"",&k,&r);\r\n    for(i=1;;i++){\r\n        if((k*i-r)%10==0||(k*i)%10==0){\r\n            printf(""%d\\n"",i);\r\n            break;\r\n        }\r\n    }\r\n    return 0;\r\n}\r\n']",A - Buy a Shovel,GNU C11,OK,732
77143147,Taskinsultana311,"['#include<stdio.h>\r\nint main()\r\n{\r\n          int k,r,i;\r\n          scanf(""%d %d"",&k,&r);\r\n          for(i=1;i<=10;i++)\r\n          {\r\n               if(((i*k)%10==r) || ((i*k)%10==0))\r\n               {\r\n                         break;\r\n               }\r\n          }\r\n          printf(""%d\\n"",i);\r\n          return 0;\r\n}\r\n']",A - Buy a Shovel,GNU C11,OK,732
77106570,Hasibul_Hossain,"['#include<stdio.h>\r\nint main()\r\n{\r\n    int k, r, i;\r\n    scanf(""%d %d"", &k, &r);\r\n\r\n    for(i=1 ;; i++)\r\n    {\r\n        if(k * i % 10 == 0 || k * i % 10 == r)\r\n           {\r\n               printf(""%d\\n"", i);\r\n               break;\r\n           }\r\n    }\r\n    return 0;\r\n}']",A - Buy a Shovel,GNU C11,OK,732
77106527,vjudge1,"['#include<stdio.h>\nint main()\n{\n    int k, r, i;\n    scanf(""%d %d"", &k, &r);\n\n    for(i=1 ;; i++)\n    {\n        if(k * i % 10 == 0 || k * i % 10 == r)\n           {\n               printf(""%d\\n"", i);\n               break;\n           }\n    }\n    return 0;\n}\n\t \t\t \t \t\t\t\t  \t \t\t \t\t   \t  \t  \t']",A - Buy a Shovel,GNU C11,OK,732
77838136,muntasir2179,"['#include<stdio.h>\r\n\r\nint main()\r\n{\r\n    int k,r,i=0,t;\r\n\r\n    scanf(""%d%d"",&k,&r);\r\n\r\n    while(1)\r\n    {\r\n        i++;\r\n        if((k*i)%10==0)\r\n        {\r\n            printf(""%d"",i);\r\n            break;\r\n        }\r\n        else\r\n        {\r\n            t = (k*i)%10;\r\n            if(t==r)\r\n            {\r\n                printf(""%d"",i);\r\n                break;\r\n            }\r\n        }\r\n    }\r\n    return 0;\r\n}\r\n']",A - Buy a Shovel,GNU C11,OK,732
78651798,Himel1904082,"['#include<stdio.h>\r\nint main()\r\n{\r\n    int i,k,r,d;\r\n    scanf(""%d%d"",&k,&r);\r\n    for(i=1; ;i++){\r\n        if((k*i)%10==0){\r\n            printf(""%d"",i);\r\n            return 0;\r\n        }\r\n        else if(((k*i)-r)%10==0){\r\n            printf(""%d"",i);\r\n            return 0;\r\n        }\r\n    }\r\n}']",A - Buy a Shovel,GNU C11,OK,732
78767053,Akhirul_abir,"['#include <stdio.h>\r\nint main()\r\n{\r\n\tint a,b,c=1;\r\n\tscanf(""%d%d"",&a,&b);\r\n\tint i,j;\r\n\tfor(i=1;i<1000;i++)\r\n\t{\r\n\t\ta=a*i;\r\n\t\tif(a%10==0)\r\n\t\t{\r\n\t\t\tc=a/10;\r\n\t\t\tbreak;\r\n\t\t}else if((a-b)%10==0){\r\n\t\t\tc=(a-b)/10;\r\n\t}\r\n\t}\r\n\tprintf(""%d"",c);\r\n\treturn 0;\r\n\t}']",A - Buy a Shovel,GNU C11,WRONG_ANSWER,732
78767111,Akhirul_abir,"['#include <stdio.h>\r\nint main()\r\n{\r\n\tint a,b,c=1;\r\n\tscanf(""%d%d"",&a,&b);\r\n\tint i,j;\r\n\tint d;\r\n\td=a;\r\n\tfor(i=1;i<1000;i++)\r\n\t{\r\n\t\ta=a*i;\r\n\t\tif(a%10==0)\r\n\t\t{\r\n\t\t\tc=a/d;\r\n\t\t\tbreak;\r\n\t\t}else if((a-b)%10==0){\r\n\t\t\tc=(a-b)/d;\r\n\t}\r\n\t}\r\n\tprintf(""%d"",c);\r\n\treturn 0;\r\n\t}']",A - Buy a Shovel,GNU C11,WRONG_ANSWER,732
77008483,zannatun,"['#include<stdio.h>\r\nint main()\r\n{\r\n    int t;\r\n    long long i,j,n;\r\n    scanf(""%d"",&t);\r\n    for(i=0; i<t; i++)\r\n    {\r\n        scanf(""%I64d"",&n);\r\n        if(n==1)\r\n        {\r\n            printf(""-1\\n"");\r\n\r\n        }\r\n        else\r\n        {\r\n            for(j=0; j<n-1; j++)\r\n            {\r\n                printf(""3"");\r\n            }\r\n            printf(""4\\n"");\r\n        }\r\n    }\r\n    return 0;\r\n}\r\n']",B - Cormen --- The Best Friend Of a Man,GNU C11,WRONG_ANSWER,732
77002823,ajoydey00001,"['#include<stdio.h>\r\nint main()\r\n{\r\n    int p,r,x,k=1;\r\n    scanf(""%d %d"",&p,&r);\r\n    x=p;\r\n    while(1)\r\n    {\r\n      if(p%10!=r)\r\n      {\r\n          p=p+x;\r\n          k++;\r\n      }\r\n      else\r\n        break;\r\n    }\r\n    printf(""%d"",k);\r\n    return 0;\r\n}\r\n']",A - Buy a Shovel,GNU C11,WRONG_ANSWER,732
77003582,ajoydey00001,"['#include<stdio.h>\r\nint main()\r\n{\r\n    int p,r,x,k=1;\r\n    scanf(""%d %d"",&p,&r);\r\n    x=p;\r\n    while(1)\r\n    {\r\n        if(p%10==0)\r\n            break;\r\n      else if(p%10!=r)\r\n      {\r\n          p=p+x;\r\n          k++;\r\n      }\r\n      else\r\n        break;\r\n    }\r\n    printf(""%d"",k);\r\n    return 0;\r\n}\r\n']",A - Buy a Shovel,GNU C11,OK,732
79206449,afrin_tuli,"['#include<stdio.h>\r\n int main(){\r\nlong long int k,r,t,i,p,count=0;\r\nscanf(""%lld %lld"",&k,&r);\r\nfor(i=1;i>=1;i++){\r\np=i*k;\r\nif(p%10==0){\r\ncount++;\r\nbreak;}\r\nelse if(p%10!=0){\r\n    t=i*k-r;\r\n    if(t%10!=0){\r\n        count++;\r\n    }\r\n    if(t%10==0){\r\n            count++;\r\n    break;}\r\n}}\r\nprintf(""%lld\\n"",count);\r\n}\r\n']",A - Buy a Shovel,GNU C11,OK,732
76922699,Eftekhar_Nahim_CoU14,"['#include<stdio.h>\r\nint main()\r\n{\r\n    int k, r, i;\r\n    scanf(""%d %d"",&k, &r);\r\n    for(i=1; ;i++)\r\n    {\r\n        if(k*i%10==0 || k*i%10==r)\r\n        {\r\n            printf(""%d\\n"",i);\r\n            break;\r\n        }\r\n    }\r\n}\r\n']",A - Buy a Shovel,GNU C11,OK,732
76804897,GaziTanbhir,"['#include <stdio.h>\r\nint main()\r\n{\r\n    int k,r,i,d;\r\n    scanf(""%d%d"",&k,&r);\r\n    for(i=1; i>0; i++)\r\n    {\r\n        d=k*i;\r\n        if(d%10==r || d%10==0)\r\n        {\r\n            printf(""%d"",i);\r\n            break;\r\n        }\r\n    }\r\n    return 0;\r\n}\r\n']",A - Buy a Shovel,GNU C11,OK,732
76917416,phos2103,"['#include <stdio.h>\n#include <string.h>\n#include <math.h>\n#include <stdlib.h>\n#define ll long long\nint main() \n{\n    ll int n, m, max = 1;\n    scanf(""%lld %lld"", &n, &m);\n    while(((max*n)%10) != m && ((max*n)%10) % 10 != 0) max++;\n    printf(""%lld"", max);\n\treturn 0;\n}']",A - Buy a Shovel,GNU C11,OK,732
79342826,Fariha_Rafa,"['#include<stdio.h>\r\nint main()\r\n{\r\n    int k,r,x,i,y,j,z;\r\n    scanf(""%d%d"",&k, &r);\r\n    if(k%10==0){\r\n        x=1;\r\n    }\r\n    else{\r\n        y=k%10;\r\n        if(y==r){\r\n            x=1;\r\n        }\r\n        else{\r\n            for(i=2;i<10;i++){\r\n                j=k*i;\r\n                if(j%10==0){\r\n                    x=i;\r\n                    break;\r\n                }\r\n                else{\r\n                    z=j%10;\r\n                    if(z==r){\r\n                        x=i;\r\n                    }\r\n                    else{\r\n                        continue;\r\n                    }\r\n                }\r\n            }\r\n        }\r\n    }\r\n    printf(""%d"", x);\r\n    return 0;\r\n}\r\n']",A - Buy a Shovel,GNU C11,WRONG_ANSWER,732
79343566,Fariha_Rafa,"['#include<stdio.h>\r\nint main()\r\n{\r\n    int k,r,x,i,y,j,z,l,m;\r\n    scanf(""%d%d"",&k, &r);\r\n    if(k%10==0){\r\n        x=1;\r\n    }\r\n    else{\r\n        y=k%10;\r\n        if(y==r){\r\n            x=1;\r\n        }\r\n        else{\r\n            for(i=2;i<10;i++){\r\n                j=k*i;\r\n                if(j%10==0){\r\n                    m=i;\r\n                    break;\r\n                }\r\n                else if(j%10!=0){\r\n                    z=j%10;\r\n                    if(z==r){\r\n                        l=i;\r\n                    }\r\n                    else{\r\n                        continue;\r\n                    }\r\n                }\r\n            }\r\n            if(m<l){\r\n                x=m;\r\n            }\r\n            else{\r\n                x=l;\r\n            }\r\n        }\r\n    }\r\n    printf(""%d"", x);\r\n    return 0;\r\n}\r\n']",A - Buy a Shovel,GNU C11,WRONG_ANSWER,732
79344189,Fariha_Rafa,"['#include<stdio.h>\r\nint main()\r\n{\r\n    int k,r,x,i,y,j,z,l,m;\r\n    scanf(""%d%d"",&k, &r);\r\n    if(k%10==0){\r\n        x=1;\r\n    }\r\n    else{\r\n        y=k%10;\r\n        if(y==r){\r\n            x=1;\r\n        }\r\n        else{\r\n            for(i=2;i<10;i++){\r\n                j=k*i;\r\n                if(j%10==0){\r\n                    m=i;\r\n                    break;\r\n                }\r\n                else{\r\n                    z=j%10;\r\n                    if(z==r){\r\n                        l=i;\r\n                    }\r\n                    else{\r\n                        continue;\r\n                    }\r\n                }\r\n            }\r\n            if(m<l){\r\n                x=m;\r\n            }\r\n            else{\r\n                x=l;\r\n            }\r\n        }\r\n    }\r\n    printf(""%d"", x);\r\n    return 0;\r\n}\r\n']",A - Buy a Shovel,GNU C11,WRONG_ANSWER,732
79349244,Fariha_Rafa,"['#include<stdio.h>\r\nint main()\r\n{\r\n    int k,r,i;\r\n    scanf(""%d%d"",&k, &r);\r\n    for(i=1;1<10;i++){\r\n        if((k*i)%10==0||(k*i-r)%10==0){\r\n            printf(""%d"", i);\r\n            break;\r\n        }\r\n    }\r\n\r\n    return 0;\r\n}\r\n']",A - Buy a Shovel,GNU C11,OK,732
76709855,imran_236,"['#include<stdio.h>\r\nint main()\r\n{\r\nint n,k,a[500],i,c=0,s=0;\r\nscanf(""%d%d"",&n,&k);\r\nfor(i=0;i<n;i++)\r\n{\r\nscanf(""%d"",&a[i]);\r\n}\r\nif(n==1 && a[0]<k)\r\n{\r\nc=k-a[0];a[0]=k;\r\nprintf(""%d\\n"",c);\r\nprintf(""%d"",a[0]);\r\nreturn 0;\r\n}\r\nfor(i=0;i<n-1;i++)\r\n{\r\ns=a[i]+a[i+1];\r\nif(s<k){c=c+k-s;a[i+1]=k-a[i];}\r\ns=0;\r\n}\r\nprintf(""%d\\n"",c);\r\nfor(i=0;i<n;i++)\r\n{\r\nprintf(""%d "",a[i]);\r\n}\r\n}\r\n']",B - Cormen --- The Best Friend Of a Man,GNU C11,WRONG_ANSWER,732
76710108,imran_236,"['#include<stdio.h>\r\nint main()\r\n{\r\nint n,k,a[500],i,c=0,s=0;\r\nscanf(""%d%d"",&n,&k);\r\nfor(i=0;i<n;i++)\r\n{\r\nscanf(""%d"",&a[i]);\r\n}\r\n\r\nfor(i=0;i<n-1;i++)\r\n{\r\ns=a[i]+a[i+1];\r\nif(s<k){c=c+k-s;a[i+1]=k-a[i];}\r\ns=0;\r\n}\r\nprintf(""%d\\n"",c);\r\nfor(i=0;i<n;i++)\r\n{\r\nprintf(""%d "",a[i]);\r\n}\r\n}']",B - Cormen --- The Best Friend Of a Man,GNU C11,OK,732
76702059,Learner_one,"['/*  Bismillahir-Rahmanir-Rahim  */\r\n/*  Solved By:- MD. Hasibul Hossain Rezvi\r\nCSE 14th Batch\r\nComilla University  */\r\n\r\n#include<stdio.h>\r\n#include<math.h>\r\n#include<string.h>\r\n#define ll long long int\r\nint main()\r\n{\r\n    int k,r,i=0,j=1,m,sum;\r\n    scanf(""%d%d"",&k,&r);\r\n    m=k;\r\n    while(1)\r\n    {\r\n        if(m<10)\r\n        {\r\n            if(m==r)\r\n            {\r\n                printf(""%d\\n"",j);\r\n                return 0;\r\n            }\r\n            else\r\n            {\r\n                j++;\r\n                m=k*j;\r\n            }\r\n        }\r\n        else if(m>=10&&m<100)\r\n        {\r\n            i=m/10;\r\n            if(m%10==r)\r\n            {\r\n                printf(""%d\\n"",j);\r\n                return 0;\r\n            }\r\n            else if(m%10==0)\r\n            {\r\n                printf(""%d\\n"",j);\r\n                return 0;\r\n            }\r\n            else\r\n            {\r\n                j++;\r\n                m=k*j;\r\n            }\r\n        }\r\n        else if(m>=100&&m<1000)\r\n        {\r\n            i=m/10;\r\n            if(m%10==r)\r\n            {\r\n                printf(""%d\\n"",j);\r\n                return 0;\r\n            }\r\n            else if(m%100==0)\r\n            {\r\n                printf(""%d\\n"",j);\r\n                return 0;\r\n            }\r\n            else\r\n            {\r\n                j++;\r\n                m=k*j;\r\n            }\r\n        }\r\n        else if(m>=1000)\r\n        {\r\n            i=m/10;\r\n            if(m%10==r)\r\n            {\r\n                printf(""%d\\n"",j);\r\n                return 0;\r\n            }\r\n            else if(m%10==0)\r\n            {\r\n                printf(""%d\\n"",j);\r\n                return 0;\r\n            }\r\n            else\r\n            {\r\n                j++;\r\n                m=k*j;\r\n            }\r\n        }\r\n        else\r\n        {\r\n            printf(""10\\n"");\r\n            return 0;\r\n        }\r\n    }\r\n    return 0;\r\n}\r\n\r\n']",A - Buy a Shovel,GNU C11,WRONG_ANSWER,732
76702492,Learner_one,"['/*  Bismillahir-Rahmanir-Rahim  */\r\n/*  Solved By:- MD. Hasibul Hossain Rezvi\r\nCSE 14th Batch\r\nComilla University  */\r\n\r\n#include<stdio.h>\r\n#include<math.h>\r\n#include<string.h>\r\n#define ll long long int\r\nint main()\r\n{\r\n    int k,r,i=0,j=1,m,sum;\r\n    scanf(""%d%d"",&k,&r);\r\n    m=k;\r\n    while(1)\r\n    {\r\n        if(m<10)\r\n        {\r\n            if(m==r)\r\n            {\r\n                printf(""%d\\n"",j);\r\n                return 0;\r\n            }\r\n            else\r\n            {\r\n                j++;\r\n                m=k*j;\r\n            }\r\n        }\r\n        else if(m>=10&&m<100)\r\n        {\r\n            i=m/10;\r\n            if(m%10==r)\r\n            {\r\n                printf(""%d\\n"",j);\r\n                return 0;\r\n            }\r\n            else if(m%10==0)\r\n            {\r\n                printf(""%d\\n"",j);\r\n                return 0;\r\n            }\r\n            else\r\n            {\r\n                j++;\r\n                m=k*j;\r\n            }\r\n        }\r\n        else if(m>=100&&m<1000)\r\n        {\r\n            i=m/10;\r\n            if(m%10==r)\r\n            {\r\n                printf(""%d\\n"",j);\r\n                return 0;\r\n            }\r\n            else if(m%10==0)\r\n            {\r\n                printf(""%d\\n"",j);\r\n                return 0;\r\n            }\r\n            else\r\n            {\r\n                j++;\r\n                m=k*j;\r\n            }\r\n        }\r\n        else if(m>=1000)\r\n        {\r\n            i=m/10;\r\n            if(m%10==r)\r\n            {\r\n                printf(""%d\\n"",j);\r\n                return 0;\r\n            }\r\n            else if(m%10==0)\r\n            {\r\n                printf(""%d\\n"",j);\r\n                return 0;\r\n            }\r\n            else\r\n            {\r\n                j++;\r\n                m=k*j;\r\n            }\r\n        }\r\n    }\r\n    return 0;\r\n}\r\n\r\n']",A - Buy a Shovel,GNU C11,OK,732
79713738,nitinkumar1729,"['#include<stdio.h>\nvoid sort(int arr[])\n{\nfor(int i=0;i<4;i++)\n{\nfor(int j=0;j<3;j++)\n{\nif(arr[j]>arr[j+1])\n{\nint temp=arr[j+1];\narr[j+1]=arr[j];\narr[j]=temp;\n}\n}\n}\n}\nint main()\n{\n    int k,r,i=1,flag=0;\n    scanf(""%d%d"",&k,&r);\n    do\n    {\n    if((k*i)%10 == 0 || ((k*i)-r)%10 == 0)\n    {\n    flag=1;\n    break;\n    }\n    i++;\n    }while(flag!=1);\n    printf(""%d"",i);\n    return 0;\n}']",A - Buy a Shovel,GNU C11,OK,732
76420734,thunderman_33,"['#include<stdio.h>\r\nint main()\r\n{\r\n\r\n    int k,r,i=2,temp;\r\n    scanf(""%d%d"",&k,&r);\r\n    temp=k;\r\n    while(k%10!=r&&k%10!=0)\r\n    {\r\n\r\n        k=temp*i;\r\n        i++;\r\n    }\r\n    printf(""%d\\n"",i-1);\r\n}\r\n']",A - Buy a Shovel,GNU C11,OK,732
76252788,vinayakp,"['#include<stdio.h>\r\n\r\nint main()\r\n{\r\n    int k,r;\r\n    scanf(""%d %d"",&k,&r);\r\n    int count=0;\r\n    do\r\n    {\r\n        count++;\r\n    } while (((count*k)%10)!=r && ((count*k)%10)!=0);\r\n    printf(""%d"",count);\r\n    return 0;\r\n}']",A - Buy a Shovel,GNU C11,OK,732
76272594,Faria218,"['#include<stdio.h>\r\nint main()\r\n{\r\n    int k, r, i;\r\n    scanf(""%d %d"", &k, &r);\r\n    for(i=1; i<10; i++)\r\n    {\r\n        if((k*i)%10==r)\r\n        {\r\n            printf(""%d"", i);\r\n        }\r\n    }\r\n    return 0;\r\n}']",A - Buy a Shovel,GNU C11,WRONG_ANSWER,732
76272760,Faria218,"['#include<stdio.h>\r\nint main()\r\n{\r\n    int k, r, i;\r\n    scanf(""%d %d"", &k, &r);\r\n    for(i=1; i<10; i++)\r\n    {\r\n        if((k*i)%10==0 || (k*i)%10==r)\r\n        {\r\n            printf(""%d"", i);\r\n            return 0;\r\n        }\r\n    }\r\n}']",A - Buy a Shovel,GNU C11,OK,732
76071996,Era1603,"['#include<stdio.h>\n\nint main()\n{    int i,n,k,c;\n    scanf(""%d %d"",&n,&k);\n    int a[n];\n    for(i=0;i<n;i++)\n    {\n    scanf(""%d"",&a[i]);\n    }\n    c=0;\n    for(i=0;i<n-1;i++)\n    {\n    while(a[i]+a[i+1]<k)\n    {\n    c++;\n    a[i+1]++;\n    }\n    }\n    printf(""%d\\n"",c);\n    for(i=0;i<n;i++)\n    printf(""%d "",a[i]);\n    return 0;\n}']",B - Cormen --- The Best Friend Of a Man,GNU C11,OK,732
76084572,Dihu,"['#include<stdio.h>\r\n\r\nint main()\r\n\r\n{\r\n    int n,k,c=0,i;\r\n\r\n    scanf(""%d %d"",&n,&k);\r\n\r\n    int x[n];\r\n\r\n    for(i=0;i<n;i++)\r\n        scanf(""%d"",&x[i]);\r\n\r\n    for(i=0;i<n-2;i=i+2)\r\n    {\r\n        if(x[i]+x[i+1]>k);\r\n        else\r\n            {c=c+k-x[i]-x[i+1]; x[i+1]=x[i+1]+k-x[i]-x[i+1];}\r\n\r\n        if(x[i+2]>x[i]) ;\r\n        else {c=c+x[i]-x[i+2];  x[i+2]=x[i];}\r\n\r\n    }\r\n\r\n\r\n\r\n    printf(""%d\\n"",c);\r\n\r\n     for(i=0;i<n;i++)\r\n        printf(""%d "",x[i]);\r\n\r\n\r\n\r\n\r\n\r\n\r\n\r\n\r\n}\r\n']",B - Cormen --- The Best Friend Of a Man,GNU C11,WRONG_ANSWER,732
76087424,Dihu,"['#include<stdio.h>\r\n\r\nint main()\r\n\r\n{\r\n    int n,k,c=0,i;\r\n\r\n    scanf(""%d %d"",&n,&k);\r\n\r\n    int x[n];\r\n\r\n    for(i=0;i<n;i++)\r\n        scanf(""%d"",&x[i]);\r\n\r\n    for(i=0;i<n-1;i=i+2)\r\n    {\r\n        if(x[i]+x[i+1]>k);\r\n        else\r\n            {c=c+k-x[i]-x[i+1]; x[i+1]=x[i+1]+k-x[i]-x[i+1];}\r\n\r\n\r\n\r\n        if(x[i+2]>k-x[i+1]) ;\r\n        else {c=c+k-x[i+1]-x[i+2];  x[i+2]=k-x[i+1];}\r\n\r\n\r\n\r\n    }\r\n\r\n\r\n\r\n    printf(""%d\\n"",c);\r\n\r\n     for(i=0;i<n;i++)\r\n        printf(""%d "",x[i]);\r\n\r\n\r\n\r\n\r\n\r\n\r\n\r\n\r\n}\r\n']",B - Cormen --- The Best Friend Of a Man,GNU C11,OK,732
76020848,tarush0605,"['#include <stdio.h>\r\nint main(){\r\n\tint days,k;\r\n\tscanf(""%d %d"",&days,&k);\r\n\tint planned_walks[days];\r\n\tint additional_steps=0;\r\n\tfor(int i=0; i<days; i++)\r\n\t\tscanf(""%d"",&planned_walks[i]);\r\n\t\r\n\tfor(int i=1; i<days; i++){\r\n\t\tif(planned_walks[i]+planned_walks[i-1]>=k)\r\n\t\t\tcontinue;\r\n\t\telse{\r\n\t\t\tadditional_steps += (k - planned_walks[i] - planned_walks[i-1]);\r\n\t\t\tplanned_walks[i] = k - planned_walks[i-1];\r\n\t\t}\r\n\t}\r\n\t\r\n\tprintf(""%d\\n"",additional_steps);\r\n\tfor(int i=0; i<days; i++)\r\n\t\tprintf(""%d "",planned_walks[i]);\r\n\r\n\treturn 0;\r\n}']",B - Cormen --- The Best Friend Of a Man,GNU C11,OK,732
76026138,jahidhasan1893,"['#include<stdio.h>\r\nint main()\r\n{\r\n    int k,r,i;\r\n    scanf(""%d%d"",&k,&r);\r\n    for(i=1;;i++)\r\n    {\r\n        if((k*i)%10==r || (k*i)%10==0) break;\r\n    }\r\n    printf(""%d"",i);\r\n    return 0;\r\n}\r\n']",A - Buy a Shovel,GNU C11,OK,732
75965198,farakshin.nikita,"['#include <stdio.h>\r\n\r\nint main()\r\n{\r\n    // k -  \r\n    // r -  \r\n    int k,r;\r\n    scanf(""%i %i"", &k, &r);\r\n\r\n    //   ,    1\r\n    int i=1;\r\n    while((k*i-r)%10!=0 && k*i%10!=0){\r\n        i++;\r\n    }\r\n\r\n    printf(""%i"", i);\r\n    return 0;\r\n}\r\n']",A - Buy a Shovel,GNU C11,OK,732
75997405,Fahim190041135,"['#include<stdio.h>\r\nint main()\r\n{\r\n    int i,n=1,k,r,s;\r\n    scanf(""%d %d"",&k,&r);\r\n    for(i=1;;i++)\r\n    {\r\n        s=(i*k)%10;\r\n        n=s-r;\r\n        if((n == 0) || (s == 0))\r\n            break;\r\n    }\r\n    printf(""%d"",i);\r\n}\r\n']",A - Buy a Shovel,GNU C11,OK,732
75913995,bst_123,"['#include <stdio.h>\r\n#include <stdlib.h>\r\n\r\nint main()\r\n{\r\n    int m,n,p=0;\r\n    scanf(""%d %d"",&m,&n);\r\n    int a[m],b[m];\r\n    for(int i=0;i<m;i++){\r\n        scanf(""%d"",&a[i]);\r\n    }\r\n    for(int i=0;i<m-1;i++){\r\n        if(a[i]+a[i+1]<=n){\r\n            b[i+1]=n-a[i];\r\n        }\r\n        else{\r\n            b[i+1]=a[i+1];\r\n        }\r\n        p+=b[i+1]-a[i+1];\r\n       a[i+1]=b[i+1];\r\n        }\r\n\r\n        printf(""%d\\n"",p);\r\n        for(int i=0;i<m;i++){\r\n        printf(""%d "",a[i]);}\r\n\r\n    return 0;\r\n}\r\n']",B - Cormen --- The Best Friend Of a Man,GNU C11,OK,732
75824142,mahmudul_200229,"[' #include <stdio.h>\r\nint main()\r\n{\r\n    int k,r,i;\r\n    long long int l;\r\n    scanf(""%d %d"",&k,&r);\r\n    for(i=1;;i++)\r\n    {\r\n        l=(k*i)%10;\r\n        if(l==0||l==r)\r\n        {\r\n        printf(""%d"",i);\r\n        break;\r\n        }\r\n    }\r\n    return 0;\r\n}']",A - Buy a Shovel,GNU C11,OK,732
75776385,nibirjoydhar,"['\r\n#include<stdio.h>\r\nint main()\r\n{\r\n    int k,r,i,a=1;\r\n    scanf(""%d %d"",&k,&r);\r\n    for(i=1; (k*i-r)%10!=0&&k*i%10!=0; i++)\r\n    {\r\n        a++;\r\n    }\r\n    printf(""%d"",a);\r\n    return 0;\r\n}\r\n']",A - Buy a Shovel,GNU C11,OK,732
75668510,mahabub737,"['#include<stdio.h>\r\nint main()\r\n{\r\n   int k,r;\r\n   scanf(""%d %d"",&k,&r);\r\n   int i,j,count;\r\n   for(i=1;i<=10;i++)\r\n   {\r\n       if(k*i%10==0 || k*i%10==r)\r\n       {\r\n           break;\r\n       }\r\n   }\r\n\r\n   printf(""%d"",i);\r\n\r\n\r\n}\r\n']",A - Buy a Shovel,GNU C11,OK,732
75678792,zzzzsust19,"['#include<stdio.h>\r\n#include<math.h>\r\n\r\nint main()\r\n{\r\n    int k, r;\r\n    scanf(""%d %d"", &k, &r);\r\n    int i;\r\n    \r\n    if (k%10!=0){\r\n        for (i=1; i<=10; i++){\r\n            if((k*i-r)%10==0 || (k*i)%10==0)\r\n                break;\r\n        }\r\n    }\r\n    else{\r\n        printf(""1"");\r\n        return 0;\r\n    }\r\n    \r\n    if (i==0)\r\n        printf(""1"");\r\n    else\r\n        printf(""%d"", i);\r\n}']",A - Buy a Shovel,GNU C11,OK,732
75678821,AshrafSustS19,"['#include<stdio.h>\r\n#include<math.h>\r\n\r\nint main()\r\n{\r\n    int k, r;\r\n    scanf(""%d %d"", &k, &r);\r\n    int i;\r\n    \r\n    if (k%10!=0){\r\n        for (i=1; i<=10; i++){\r\n            if((k*i-r)%10==0 || (k*i)%10==0)\r\n                break;\r\n        }\r\n    }\r\n    else{\r\n        printf(""1"");\r\n        return 0;\r\n    }\r\n    \r\n    if (i==0)\r\n        printf(""1"");\r\n    else\r\n        printf(""%d"", i);\r\n}']",A - Buy a Shovel,GNU C11,OK,732
75650537,sadi_74,"['#include<stdio.h>\r\nint main()\r\n{\r\n    int k,r,i,count=0,x,y;\r\n    scanf(""%d %d"",&k,&r);\r\n    for(i=1;;i++)\r\n    {\r\n        y=k*i;\r\n        x=y%10;\r\n        if(x==r||x==0)\r\n        {\r\n            break;\r\n        }\r\n    }\r\n    printf(""%d"",i);\r\n}\r\n']",A - Buy a Shovel,GNU C11,OK,732
75661356,huzaifa111,"['#include<stdio.h>\r\nint main()\r\n{\r\n    int k,r,i,c=0;\r\n    scanf(""%d%d"",&k,&r);\r\n    for(i=1;i<=1000;i++)\r\n    {\r\n        c=k*i;\r\n        if(c%10==0||c%10==r)\r\n        {\r\n            break;\r\n        }\r\n    }\r\n    printf(""%d"",i);\r\n}\r\n']",A - Buy a Shovel,GNU C11,OK,732
75661614,huzaifa111,"['#include<stdio.h>\r\nint main()\r\n{\r\n    int k,r,i,l=0;\r\n    scanf(""%d%d"",&k,&r);\r\n    for(i=1;i<=1000;i++)\r\n    {\r\n        l=k*i;\r\n        if(l%10==0||l%10==r)\r\n        {\r\n            break;\r\n        }\r\n    }\r\n    printf(""%d"",i);\r\n}\r\n']",A - Buy a Shovel,GNU C11,OK,732
75500156,unknown_2433,"['#include<stdio.h>\r\nint main()\r\n{\r\n    int n,k,i,c;\r\n    scanf(""%d%d"",&n,&k);\r\n    c=n%10;\r\n    for(i=1;i<=10;i++)\r\n    {\r\n        if(((c*i)%10)==k||((c*i)%10)==0)\r\n        {\r\n            printf(""%d"",i);\r\n            break;\r\n        }\r\n        else\r\n        {\r\n            continue;\r\n        }\r\n    }\r\n    return 0;\r\n}\r\n']",A - Buy a Shovel,GNU C11,OK,732
75512318,fahad005,"['#include <stdio.h>\r\nint main (void)\r\n{\r\n    int k,r,x=0,y=0,z,i=1;\r\n    scanf (""%d %d"",&k,&r);\r\n\r\n    while (y!=r)\r\n    {\r\n        y=(k*i)%10;\r\n        if (y==0)\r\n        {\r\n            i=i+1;\r\n            break;\r\n        }\r\n        i++;\r\n    }\r\n    z=i-1;\r\n    printf (""%d"",z);\r\n\r\n    return 0;\r\n}']",A - Buy a Shovel,GNU C11,OK,732
75430333,mo_amin,"['#include <stdio.h>\r\n#include <string.h>\r\n#include <math.h>\r\n#include <stdlib.h>\r\n\r\n\r\nint main()\r\n{int z,n,k;\r\nint x=0;\r\nint i=0;\r\n\r\nscanf(""%d%d"",&k,&n);\r\nwhile(x!=n)\r\n{i++;\r\n\tz=i*k;\r\n\tx=z%10;\r\n\tif(x==0)\r\n\tbreak;\r\n}\r\nprintf(""%d"",i);\r\n}\r\n']",A - Buy a Shovel,GNU C11,OK,732
75444568,Jaman_khan,"['#include<stdio.h>\r\nint main(){\r\n    int m,n,i=1,s;\r\n    scanf(""%d%d"",&m,&n);\r\n    s=m;\r\n    while(s%10!=0 && s%10!=n){\r\n        i++;\r\n        s+=m;\r\n    }\r\n    printf(""%d\\n"",i);\r\n    return 0;\r\n}']",A - Buy a Shovel,GNU C11,OK,732
75350166,ajwad_abrar,"['#include<stdio.h>   //AA06( 03/ 04/ 20) If u see my code, Have a Good Day!\r\n\r\nint main()\r\n{\r\n    int a, b, x;\r\n    scanf(""%d%d"", &a, &b);\r\n\r\n    for(x = 1; ; x++) {\r\n\r\n        if((x * a) % 10 == 0 || ((x * a) - b) % 10 == 0 ) {\r\n\r\n            printf(""%d\\n"", x);\r\n\r\n            break;\r\n        }\r\n    }\r\n\r\n    return 0;\r\n}\r\n']",A - Buy a Shovel,GNU C11,OK,732
75211616,s_r_rayhan,"['#include<stdio.h>\r\nint main()\r\n{\r\n    int k,r,rem=0,i=1;\r\n    scanf(""%d %d"",&k,&r);\r\n    while(rem!=r)\r\n    {\r\n        rem=(k*i)%10;\r\n        if(rem==0)\r\n        {\r\n            i=i+1;\r\n            break;\r\n        }\r\n        i++;\r\n    }\r\n    printf(""%d"",i-1);\r\n    return 0;\r\n}']",A - Buy a Shovel,GNU C11,OK,732
75225685,hasitha_04,"['#include<stdio.h>\r\nint main()\r\n{\r\n    int i,j,k,c=1,r;\r\n    scanf(""%d%d"",&k,&r);\r\n    while(c*k%10!=0&&c*k%10!=r)c++;\r\n \r\n \r\n    printf(""%d"",c);\r\n}']",A - Buy a Shovel,GNU C11,OK,732
75047394,madalahyndavi,"['#include <stdio.h>\r\nint main() {\r\n    int n, key;\r\n    scanf(""%d%d"", &n, &key);\r\n    int count = 0;\r\n    for(int i = 1; i <= 1000; i++) {\r\n        if((n * i) % 10 == key) {\r\n            count = i;\r\n            break;\r\n        }\r\n    }\r\n    if(count != 0)\r\n        printf(""%d"", count);\r\n    else \r\n        printf(""2"");\r\n    return 0;\r\n}']",A - Buy a Shovel,GNU C11,WRONG_ANSWER,732
75047721,madalahyndavi,"['#include <stdio.h>\r\nint main() {\r\n    int n, key;\r\n    scanf(""%d%d"", &n, &key);\r\n    int count = 0;\r\n    for(int i = 1; i <= 1000; i++) {\r\n        if((n * i) % 10 == key) {\r\n            count = i;\r\n            break;\r\n        }\r\n    }\r\n    if(count != 0)\r\n        printf(""%d"", count);\r\n    else \r\n        if(n % 10 == 0)\r\n            printf(""1"");\r\n        else {\r\n            int c1 = 0;\r\n            while(n % 10 != 0) {\r\n                n *= 2;\r\n                c1 += 1;\r\n            }\r\n            printf(""%d"", c1 + 1);\r\n        }\r\n    return 0;\r\n}']",A - Buy a Shovel,GNU C11,WRONG_ANSWER,732
74865438,Moody_Orange,"['#include<stdio.h>\r\n\r\nint main()\r\n{\r\n    int k, r, s, i;\r\n    scanf(""%d %d"", &k, &r);\r\n    for(i=1; ; i++)\r\n    {\r\n        s=i*k;\r\n        if(s%10==0 || (s-r)%10==0)\r\n            break;\r\n    }\r\n\r\n    printf(""%d\\n"", i);\r\n    return 0;\r\n}\r\n']",A - Buy a Shovel,GNU C11,OK,732
74804986,18wh1a0561,"['#include<stdio.h>\r\nint main()\r\n{\r\n  int n,m;\r\n  scanf(""%d %d"",&n,&m );\r\n  int i=1;\r\n  while(1)\r\n  {\r\n    int x = n*i;\r\n    if(x%10 == 0 || x%10 == m){\r\n        printf(""%d\\n"",i );\r\n      break;\r\n      \r\n    }\r\n    i++;\r\n  }\r\n  return 0;\r\n}']",A - Buy a Shovel,GNU C11,OK,732
74810756,saydur007,"['#include <stdio.h>\r\n#include <stdlib.h>\r\n\r\nint main()\r\n{\r\n  int k,r,i=1,d;\r\n  scanf(""%d"",&k);\r\n  scanf(""%d"",&r);\r\n\r\n  for(i=1;;i++)\r\n  {\r\n\r\n      if(k%5==0)\r\n      {\r\n          d=k*i;\r\n      }\r\n      else{\r\n      d=(k*i)-r;\r\n      }\r\n\r\n\r\n      if(d%10==0)\r\n      {\r\n          printf(""%d"",i);\r\n\r\n          break;\r\n      }\r\n  }\r\n\r\n    return 0;\r\n}\r\n']",A - Buy a Shovel,GNU C11,TIME_LIMIT_EXCEEDED,732
74810903,saydur007,"['#include <stdio.h>\r\n#include <stdlib.h>\r\n\r\nint main()\r\n{\r\n  int k,r,i=1;\r\n  scanf(""%d"",&k);\r\n  scanf(""%d"",&r);\r\n\r\n  for(i=1;;i++){\r\n            if(((k*i)-r)%10==0||(k*i)%10==0){\r\n                printf(""%d\\n"",i);\r\n                break;\r\n            }\r\n  }\r\n\r\n    return 0;\r\n}\r\n']",A - Buy a Shovel,GNU C11,OK,732
74810396,saydur007,"['#include <stdio.h>\r\n#include <stdlib.h>\r\n\r\nint main()\r\n{\r\n  int k,r,i=1,d,cnt=0;\r\n  scanf(""%d"",&k);\r\n  scanf(""%d"",&r);\r\n\r\n  for(i=1;;i++)\r\n  {\r\n      cnt++;\r\n      if(k%5==0)\r\n      {\r\n          d=k*i;\r\n      }\r\n      else{\r\n      d=(k*i)-r;\r\n      }\r\n\r\n\r\n      if(d%10==0)\r\n      {\r\n\r\n          break;\r\n      }\r\n  }\r\n  printf(""%d"",cnt);\r\n    return 0;\r\n}\r\n']",A - Buy a Shovel,GNU C11,TIME_LIMIT_EXCEEDED,732
74728168,mrashid_5919,"['#include<stdio.h>\r\n\r\nint main()\r\n{\r\n    int k,r,i,sum;\r\n    scanf(""%d%d"",&k,&r);\r\n    sum=k;\r\n    for(i=1;sum%10!=r;i++)\r\n    {\r\n        sum=sum+k;\r\n        if(sum%10==0)\r\n        {\r\n            i++;\r\n            break;\r\n        }\r\n\r\n        else\r\n            continue;\r\n    }\r\n    printf(""%d"",i);\r\n    return 0;\r\n}\r\n']",A - Buy a Shovel,GNU C11,WRONG_ANSWER,732
74728506,mrashid_5919,"['#include<stdio.h>\r\n\r\nint main()\r\n{\r\n    int k,r,i,sum;\r\n    scanf(""%d%d"",&k,&r);\r\n    sum=k;\r\n    if(sum%10==0)\r\n    {\r\n        printf(""1"");\r\n    }\r\n    else\r\n    {\r\n        for(i=1;sum%10!=r;i++)\r\n    {\r\n        sum=sum+k;\r\n        if(sum%10==0)\r\n        {\r\n            i++;\r\n            break;\r\n        }\r\n\r\n        else\r\n            continue;\r\n    }\r\n    printf(""%d"",i);\r\n    }\r\n\r\n    return 0;\r\n}\r\n']",A - Buy a Shovel,GNU C11,OK,732
74789129,Abir0307,"['#include<stdio.h>\r\nint main()\r\n{\r\n    int k,r,n,i;\r\n    scanf(""%d%d"",&k,&r);\r\n    for(i=1;;i++)\r\n    {\r\n        n=k*i;\r\n        if(n%10==0)\r\n            break;\r\n        n=(k*i)-r;\r\n        if(n%10==0)\r\n            break;\r\n\r\n    }\r\n    printf(""%d"",i);\r\n    return 0;\r\n}\r\n']",A - Buy a Shovel,GNU C11,OK,732
74758996,Neutron-_-,"['//Neutron-_-\r\n\r\n\r\n#include<stdio.h>\r\n#include<string.h>\r\n#include<math.h>\r\n#include<ctype.h>\r\n\r\nint main()\r\n{\r\n    int price,coin,ice;\r\n    scanf(""%d%d"",&price,&coin);\r\n\r\n    int i, hehe;\r\n    for(i=1; i < 11 ;i++)\r\n    {\r\n        ice= price * i;\r\n        hehe = ice % 10 ;\r\n        if(hehe == coin || hehe == 0)\r\n            break;\r\n    }\r\n\r\n    printf(""%d"",i);\r\n}\r\n']",A - Buy a Shovel,GNU C11,OK,732
74663732,vjudge4,"['#include<stdio.h>\n\n\nmain()\n    {\n        int k,r,i;\n        scanf(""%d%d"",&k,&r);\n        for(i=1;;i++){\n            if(((k*i)-r)%10==0||(k*i)%10==0){\n                printf(""%d\\n"",i);\n                break;\n            }\n        }\n        return 0;\n    }\n\n\t\t \t  \t    \t  \t      \t \t \t  \t\t']",A - Buy a Shovel,GNU C11,OK,732
74663729,vjudge5,"['#include<stdio.h>\n#include<math.h>\nmain()\n    {\n        int k,r,i;\n        scanf(""%d%d"",&k,&r);\n        for(i=1;;i++){\n            if(((k*i)-r)%10==0||(k*i)%10==0){\n                printf(""%d\\n"",i);\n                break;\n            }\n        }\n        return 0;\n    }\n\n    \t\t\t  \t \t  \t    \t\t \t  \t \t\t \t']",A - Buy a Shovel,GNU C11,OK,732
74675258,Tanbin_Hasan,"['#include <stdio.h>\r\n#include<math.h>\r\n\r\nint main(){\r\n\r\n    const int D = 10;\r\n    int p,u,k,r;scanf(""%d %d"", &k, &r);\r\n    for(p = 1; p <= D; p++){\r\n         u = p * k;\r\n        if((u % D == 0) || (u % D == r)){printf(""%d\\n"", p); break;}\r\n    }\r\n\r\n    return 0;\r\n}']",A - Buy a Shovel,GNU C11,OK,732
74663753,vjudge2,"['#include <stdio.h>\n\nint main(){\n\n    const int D = 10;\n    int k, r; scanf(""%d %d"", &k, &r);\n    for(int p = 1; p <= D; p++){\n        int u = p * k;\n        if((u % D == 0) || (u % D == r)){printf(""%d\\n"", p); break;}\n    }\n\n    return 0;\n}\n\n\t   \t           \t  \t\t \t \t\t\t\t \t\t']",A - Buy a Shovel,GNU C11,OK,732
74663533,vjudge1,"['#include <stdio.h>\n#include<math.h>\n\nint main(){\n\n    const int D = 10;\n    int p,u,k,r;scanf(""%d %d"", &k, &r);\n    for(p = 1; p <= D; p++){\n         u = p * k;\n        if((u % D == 0) || (u % D == r)){printf(""%d\\n"", p); break;}\n    }\n\n    return 0;\n}\n\n\t \t \t\t\t  \t \t \t\t \t\t \t\t \t\t']",A - Buy a Shovel,GNU C11,OK,732
74614248,Sanz,"['#include<stdio.h>\r\nint main(){\r\nint a,b,c,d,e,x,y,z,i,n;\r\nscanf(""%d %d"",&x,&y);\r\nfor(i=0;i<100000;i++){\r\nd=x*i;\r\nc=d%10;\r\nif(c==y){\r\nbreak;\r\n}\r\n}\r\nif(i!=100000){\r\nprintf(""%d"",i);\r\n}else if(i==100000){\r\nprintf(""%d"",2);\r\n}\r\n\r\n}\r\n']",A - Buy a Shovel,GNU C11,WRONG_ANSWER,732
74616018,Sanz,"['#include<stdio.h>\r\nint main(){\r\nint a,b,c,d,e,x,y,z,i,n;\r\nscanf(""%d %d"",&x,&y);\r\nfor(i=1;i<10000;i++){\r\nd=x*i;\r\nc=d%10;\r\n\r\nif(c==0 || c==y){\r\nbreak;\r\n}\r\n}\r\nprintf(""%d"",i);\r\nreturn 0;\r\n}\r\n']",A - Buy a Shovel,GNU C11,OK,732
74621701,rafi1234,"['#include<stdio.h>\r\nint main()\r\n{\r\n    int a,b,sum=1;\r\n    scanf(""%d%d"",&a,&b);\r\n    while(1)\r\n    {\r\n        if((a*sum)%10==b || (a*sum)%10==0)\r\n        {\r\n            printf(""%d"",sum);\r\n            return 0;\r\n        }\r\n        sum++;\r\n    }\r\n}']",A - Buy a Shovel,GNU C11,OK,732
74624380,Tanbin_Hasan,"['#include <stdio.h>\r\n#include<math.h>\r\n\r\nint main()\r\n{\r\n    int T=10;\r\n    int i,j,k,r;scanf(""%d %d"",&k,&r);\r\n    for(i=1;i<=T;i++){\r\n         j=i*k;\r\n        if((j%T==0)||(j%T==r)){printf(""%d\\n"",i); break;}\r\n    }\r\n    return 0;\r\n}\r\n\r\n']",A - Buy a Shovel,GNU C11,OK,732
74661418,vjudge4,"['#include<stdio.h>\n#include<math.h>\nint main()\n{\n\tint T=10;\n\tint i,j,k,r;\n\tscanf(""%d %d"" ,&k ,&r);\n\tfor(i=1;i<=1000;i++)\n\t{\n\t\tj=i*k;\n\t\tif((j%T==0)||((j%T==r)))\n\t\t{\n\t       printf(""%d \\n"" ,i);\n\t       break;\n\t    }\n\t}\n\treturn 0;\n}\n\t\t\t\t  \t \t\t   \t\t \t  \t \t\t  \t\t \t\t']",A - Buy a Shovel,GNU C11,OK,732
74656573,Bodrul,"['#include <stdio.h>\r\nint main()\r\n{\r\n    int k, r, i, x;\r\n    scanf(""%d %d"",&k, &r);\r\n    for(i = 1;;i++){\r\n        if(k*i%10==0 || k*i%10==r){\r\n            break;\r\n        }\r\n    }\r\n    printf(""%d\\n"",i);\r\n    return 0;\r\n}\r\n']",A - Buy a Shovel,GNU C11,OK,732
74661434,vjudge3,"['#include<stdio.h>\n#include<stdio.h>\nint main()\n{\n\tint T=10;\n\tint i,j,k,r;\n\tscanf(""%d %d"" ,&k ,&r);\n\tfor(i=1;i<=1000;i++)\n\t{\n\t\tj=i*k;\n\t\tif((j%T==0)||((j%T==r)))\n\t\t{\n\t       printf(""%d \\n"" ,i);\n\t       break;\n\t    }\n\t}\n\treturn 0;\n}\n  \t  \t \t\t\t  \t   \t\t\t\t   \t \t  \t\t']",A - Buy a Shovel,GNU C11,OK,732
74662257,vjudge2,"['#include <stdio.h>\n#include<math.h>\n\nint main(){\n\n    int D = 10;\n    int p,u,k,r;scanf(""%d %d"", &k, &r);\n    for(p = 1; p <= D; p++){\n         u = p * k;\n        if((u % D == 0) || (u % D == r)){printf(""%d\\n"", p); break;}\n    }\n\n    return 0;\n}\n\n   \t \t \t \t \t\t    \t\t\t \t \t\t\t\t \t\t\t']",A - Buy a Shovel,GNU C11,OK,732
74608934,vjudge1,"['#include<stdio.h>\nint main()\n{\n\tint n,k,r,i,j,p,check=0;\n\tscanf(""%d %d"" ,&k ,&r);\n\t\n\tfor(n=1;n<k;n++)\n\t{\n\t\tfor(i=1;i<k;i++)\n\t\t{\n\t\t\tp=n*k-10*i;\n\t\t\tif(p==0)\n\t\t\t{\n\t\t\t    printf(""p==0 in the 1st loop\\n"" ,n);\n\t\t\t\tprintf(""%d"" ,n);\n\t\t\t\tcheck++;\n\t\t\t\tbreak;\n\t\t\t}\n\t\t}\n\t\tif (check!=0)\n\t\tbreak;\n\t\t\n\t}\n\t\n\tif(check==0)\n\t{\n\t\tfor(n=1;n<k;n++)\n\t{\n\t\t  for(i=1;i<k;i++)\n\t\t   {\n\t\t\tp=n*k-10*i-r;\n\t\t\t if(p==0)\n\t\t\t {\n\t\t\t\tprintf(""%d"" ,n);\n\t\t\t\tcheck++;\n\t\t\t\tbreak;\n\t\t\t }\n\t     \t}\n\t\tif (check!=0)\n\t\tbreak;\n\t}\n\t}\n\t\n\treturn 0;\n}\n\t   \t\t\t \t   \t\t  \t   \t\t \t\t    \t\t']",A - Buy a Shovel,GNU C11,WRONG_ANSWER,732
74584716,snushra,"['#include<stdio.h>\r\nint main()\r\n{\r\n    int k,x=1,r;\r\n    scanf(""%d %d"",&k,&r);\r\n\r\n    while(x<10){\r\n            if(((k*x)%10==0) || ((k*x)%10 == r)){\r\n               printf(""%d"",x);\r\n               break;\r\n               }\r\n               x++;\r\n    }\r\n    return 0;\r\n}\r\n']",A - Buy a Shovel,GNU C11,OK,732
74586106,AzmayenSabil,"['#include <stdio.h>\r\nint main()\r\n\r\n{\r\n    int k,r,i,x,a;\r\n    scanf(""%d %d"",&k,&r);\r\n\r\n    if(k%10==r || k%10==0)\r\n    {\r\n        printf(""1"");\r\n    }\r\n\r\n\r\n\r\n    else if(k%10!=r || k%10!=0)\r\n    {\r\n\r\n      i=2;\r\n      a=k;\r\n\r\n        while(1)\r\n        {\r\n\r\n\r\n            x=a*i;\r\n\r\n            if(x%10==r || x%10==0)\r\n            {\r\n                printf(""%d"",i);\r\n                break;\r\n            }\r\n\r\n            ++i;\r\n            a=k;\r\n\r\n\r\n        }\r\n    }\r\n\r\n   return 0;\r\n}\r\n']",A - Buy a Shovel,GNU C11,OK,732
74599094,Moynul_Islam,"['#include<stdio.h>\r\nint main()\r\n{\r\n    int k,r,i,a;\r\n    scanf(""%d %d"",&k,&r);\r\n    for(i=1;i<=32000;i++)\r\n    {\r\n        a=(i*k)%10;\r\n        if((a==0) || a-r==0 )\r\n        {\r\n            break;\r\n        }\r\n    }\r\n    printf(""%d"",i);\r\n    return 0;\r\n}']",A - Buy a Shovel,GNU C11,OK,732
74601388,vjudge2,"['#include<stdio.h>\nint main()\n{\nint t2,k,r,a,j,m,s,q,t1=0;\n    t2=0;\n    scanf(""%d %d"",&k ,&r);\n    q=k;\n    s=k;\n    m=10;\n    for(a=1;a<=k;a++)\n        {\n            if(s%m==0)\n                {\n                    t2=s/k;\n                    break;\n\n                }\n            for(j=1;j<=k;j++)\n                {\n                    m=10*j+r;\n                        if(m%k==0)\n                            {\n                                t1=m/q;\n                                break;\n\n                            }\n                            m=10;\n\n\n                }\n\n\n            s=s+q;\n                if(t1==1 || t1>1)\n                    {\n                        break;\n                    }\n\n        }\n\n        if(t1>t2)\n            {\n                printf(""%d"",t1);\n            }\n            else\n            {\n                printf(""%d"",t2);\n            }\n\n\n\nreturn 0;\n}\n\n \t\t\t \t   \t \t\t  \t\t\t\t\t \t\t\t\t\t  \t\t']",A - Buy a Shovel,GNU C11,WRONG_ANSWER,732
74601993,vjudge4,"['#include<stdio.h>\nint main()\n{\nint t2,k,r,a,j,m,s,q,t1=0;\n    t2=0;\n    scanf(""%d %d"",&k ,&r);\n    q=k;\n    s=k;\n    m=10;\n    for(a=1;a<=k;a++)\n        {\n            if(s%m==0)\n                {\n                    t2=s/k;\n                    break;\n\n                }\n                else {\n\n                    for(j=1;j<=k;j++)\n                {\n                    m=10*j+r;\n                        if(m%k==0)\n                            {\n                                t1=m/q;\n                                break;\n                            }\n                            m=10;\n                }\n                }\n            s=s+q;\n                if(t1==1 || t1>1)\n                    {\n                        break;\n                    }\n        }\n        if(t1>t2)\n            {\n                printf(""%d"",t1);\n            }\n            else\n            {\n                printf(""%d"",t2);\n            }\nreturn 0;\n}\n//secstars\n\t\t\t \t \t  \t\t\t\t\t \t\t\t   \t    \t\t\t\t\t']",A - Buy a Shovel,GNU C11,WRONG_ANSWER,732
74602520,vjudge1,"['#include<stdio.h>\nint main()\n{\nint t2,k,r,a,j,m,s,q,t1=0;\n    t2=0;\n    scanf(""%d %d"",&k ,&r);\n    q=k;\n    s=k;\n\n\n    for(a=1;a<=k;a++)\n        {\n        m=10;\n            if(s%m==0)\n                {\n                    t2=s/k;\n                    break;\n\n                }\n                else {\n\n                    for(j=1;j<=k;j++)\n                {\n                    m=10*j+r;\n                        if(m%k==0)\n                            {\n                                t1=m/q;\n                                break;\n                            }\n                            m=10;\n                }\n                }\n            s=s+q;\n                if(t1==1 || t1>1)\n                    {\n                        break;\n                    }\n        }\n        if(t1>t2)\n            {\n                printf(""%d"",t1);\n            }\n            else\n            {\n                printf(""%d"",t2);\n            }\nreturn 0;\n}\n\n  \t\t  \t\t\t\t   \t \t   \t\t \t \t\t \t\t\t\t']",A - Buy a Shovel,GNU C11,WRONG_ANSWER,732
74601552,vjudge4,"['#include<stdio.h>\nint main()\n{\nint t2,k,r,a,j,m,s,q,t1=0;\n    t2=0;\n    scanf(""%d %d"",&k ,&r);\n    q=k;\n    s=k;\n    m=10;\n    for(a=1;a<=k;a++)\n        {\n            if(s%m==0)\n                {\n                    t2=s/k;\n                    break;\n\n                }\n                else {\n\n                    for(j=1;j<=k;j++)\n                {\n                    m=10*j+r;\n                        if(m%k==0)\n                            {\n                                t1=m/q;\n                                break;\n\n                            }\n                            m=10;\n\n\n                }\n\n\n                }\n\n\n\n            s=s+q;\n                if(t1==1 || t1>1)\n                    {\n                        break;\n                    }\n\n        }\n\n        if(t1>t2)\n            {\n                printf(""%d"",t1);\n            }\n            else\n            {\n                printf(""%d"",t2);\n            }\n\n\n\nreturn 0;\n}\n\n  \t \t\t\t   \t \t\t \t\t   \t \t\t  \t  \t\t']",A - Buy a Shovel,GNU C11,WRONG_ANSWER,732
74607246,vjudge2,"['#include<stdio.h>\nint main()\n{\nint t2,k,r,a,j,m,s,q,l,t1=0;\n    t2=0;\n    scanf(""%d %d"",&k ,&r);\n    q=k;\n    s=k;\n    l=0;\n\n\n    for(a=1;a<=k;a++)\n        {\n        m=10;\n            if(s%m==0)\n                {\n                    t2=s/k;\n                    break;\n\n                }\n                else {\n\n                    for(j=1;j<=k;j++)\n                {\n                    m=10*j+r;\n                        if(m%k==0)\n                            {\n                                t1=m/q;\n                                break;\n                            }\n                            m=10;\n                }\n                }\n                 if(k==r)\n                    {\n                        t1=1;\n                        t2=1;\n\n                    }\n            s=s+q;\n                if(t1==1 || t1>1)\n                    {\n                        break;\n                    }\n        }\n        if(t1>t2)\n            {\n                printf(""%d"",t1);\n            }\n            else if(t1==t2)\n                    {\n\n                    printf(""%d"",t1);\n                    }\n                else\n            {\n                printf(""%d"",t2);\n            }\nreturn 0;\n}\n\n   \t \t \t\t  \t  \t \t\t \t    \t\t\t  \t\t']",A - Buy a Shovel,GNU C11,WRONG_ANSWER,732
74608182,vjudge1,"['#include<stdio.h>\nint main()\n{\nint t2,k,r,a,j,m,s,q,l,t1=0;\n    t2=0;\n    scanf(""%d %d"",&k,&r);\n    q=k;\n    s=k;\n    l=0;\n\n\n    for(a=1;a<=k;a++)\n        {\n        m=10;\n            if(s%m==0)\n                {\n                    t2=s/k;\n                    break;\n\n                }\n                else {\n\n                    for(j=1;j<=k;j++)\n                {\n                    m=10*j+r;\n                        if(m%k==0)\n                            {\n                                t1=m/q;\n                                break;\n                            }\n                            m=10;\n                }\n                }\n                 if(k==r)\n                    {\n                        t1=1;\n                        t2=1;\n\n                    }\n            s=s+q;\n                if(t1==1 || t1>1)\n                    {\n                        break;\n                    }\n        }\n        if(t1>t2)\n            {\n                printf(""%d"",t1);\n            }\n            else if(t1==t2)\n                    {\n\n                    printf(""%d"",t1);\n                    }\n                else\n            {\n                printf(""%d"",t2);\n            }\nreturn 0;\n}\n\n\t \t   \t \t\t\t\t   \t \t\t  \t\t     \t']",A - Buy a Shovel,GNU C11,WRONG_ANSWER,732
74609137,vjudge5,"['#include<stdio.h>\nint main()\n{\n\tint n,k,r,i,j,p,check=0;\n\tscanf(""%d %d"" ,&k ,&r);\n\t\n\tfor(n=1;n<10000;n++)\n\t{\n\t\tfor(i=1;i<10000;i++)\n\t\t{\n\t\t\tp=n*k-10*i;\n\t\t\tif(p==0)\n\t\t\t{\n\t\t\t\tprintf(""%d"" ,n);\n\t\t\t\tcheck++;\n\t\t\t\tbreak;\n\t\t\t}\n\t\t}\n\t\tif (check!=0)\n\t\tbreak;\n\t\t\n\t}\n\t\n\tif(check==0)\n\t{\n\t\tfor(n=1;n<10000;n++)\n\t{\n\t\t  for(i=1;i<10000;i++)\n\t\t   {\n\t\t\tp=n*k-10*i-r;\n\t\t\t if(p==0)\n\t\t\t {\n\t\t\t\tprintf(""%d"" ,n);\n\t\t\t\tcheck++;\n\t\t\t\tbreak;\n\t\t\t }\n\t     \t}\n\t\tif (check!=0)\n\t\tbreak;\n\t}\n\t}\n\t\n\treturn 0;\n}\n\t\t\t \t \t \t\t\t \t\t         \t\t\t \t\t \t']",A - Buy a Shovel,GNU C11,WRONG_ANSWER,732
74610947,vjudge4,"['#include<stdio.h>\nint main()\n{\n\tint n1,n2,k,r,i,j,p,check=0;\n\tscanf(""%d %d"" ,&k ,&r);\n\t\n\tfor(n1=1;n1<10000;n1++)\n\t{\n\t    p=0;\n\t\tfor(i=1;i<1000,p>=0;i++)\n\t\t   {\n\t\t\tp=n1*k-10*i;\n\t\t\tif(p==0)\n\t\t\t{\n\t\t\t\tcheck++;\n\t\t\t\tbreak;\n\t\t\t}\n\t\t}\n\t\tif (check!=0)\n\t\tbreak;\n\t\t\n\t}\n\t\n\tcheck=0;\n\t\n\tfor(n2=1;n2<10000;n2++)\n\t{\n\t\tp=0;\n\t\t  for(i=1;i<1000,p>=0;i++)\n\t\t   {\n\t\t\tp=n2*k-10*i-r;\n\t\t\t if(p==0)\n\t\t\t {\n\t\t\t\tcheck++;\n\t\t\t\tbreak;\n\t\t\t }\n\t     \t}\n\t\tif (check==0)\n\t\t {\n\t\t n2++;\n\t\t }\n\t\t else\n\t\t break;\n\t}\n\t\n\tif(n1>n2)\n\t{\n\t\tprintf(""\\n%d"" ,n2);\t\n\t}\n\telse\n\t   printf(""\\n%d"" ,n1);\n\t\n\treturn 0;\n}\n\t\t  \t  \t\t \t    \t\t\t  \t     \t']",A - Buy a Shovel,GNU C11,WRONG_ANSWER,732
74608999,vjudge4,"['#include<stdio.h>\nint main()\n{\n\tint n,k,r,i,j,p,check=0;\n\tscanf(""%d %d"" ,&k ,&r);\n\t\n\tfor(n=1;n<k;n++)\n\t{\n\t\tfor(i=1;i<k;i++)\n\t\t{\n\t\t\tp=n*k-10*i;\n\t\t\tif(p==0)\n\t\t\t{\n\t\t\t\tprintf(""%d"" ,n);\n\t\t\t\tcheck++;\n\t\t\t\tbreak;\n\t\t\t}\n\t\t}\n\t\tif (check!=0)\n\t\tbreak;\n\t\t\n\t}\n\t\n\tif(check==0)\n\t{\n\t\tfor(n=1;n<k;n++)\n\t{\n\t\t  for(i=1;i<k;i++)\n\t\t   {\n\t\t\tp=n*k-10*i-r;\n\t\t\t if(p==0)\n\t\t\t {\n\t\t\t\tprintf(""%d"" ,n);\n\t\t\t\tcheck++;\n\t\t\t\tbreak;\n\t\t\t }\n\t     \t}\n\t\tif (check!=0)\n\t\tbreak;\n\t}\n\t}\n\t\n\treturn 0;\n}\n \t \t \t \t    \t\t\t  \t\t \t\t\t\t\t\t \t \t']",A - Buy a Shovel,GNU C11,WRONG_ANSWER,732
74528821,nihar_gupta657,"['#include<stdio.h>\r\nint main()\r\n{\r\n    long long int k,r,s,i,j;\r\n    scanf(""%lld%lld"",&k,&r);\r\n    s=1;\r\n    j=k;\r\n   for(i=1;i>0;i++)\r\n   {\r\n       if(k%10==0 || k%10==r)\r\n       {\r\n           break;\r\n       }\r\n       k=j*(i+1);\r\n       s++;\r\n       \r\n   }\r\n   printf(""%lld"",s);\r\n}']",A - Buy a Shovel,GNU C11,OK,732
74560028,vjudge1,"['#include<stdio.h>\nint main()\n{\nint k,r,i=1;\nscanf(""%d %d"",&k,&r);\nwhile(i++)\n{\nif(((k*i)-r)%10==0 || (k*i)%10==0)\n{printf(""%d"",i);\nbreak;\n}\n\n\n}\n\n\n\n\n\n}\n\n\n\n \t\t \t \t\t    \t   \t \t \t\t\t    \t\t \t']",A - Buy a Shovel,GNU C11,WRONG_ANSWER,732
74541935,vjudge4,"['#include<stdio.h>\nint main()\n{\n    int k,r,i=1;\n    scanf(""%d %d"",&k,&r);\n    while(1)\n    {\n        if((k*i)%10==r || (k*i)%10==0 || k==r)\n        break;\n        i++;\n    }\n    printf(""%d\\n"",i);\n}\n\t     \t \t\t \t\t\t\t   \t\t\t   \t   \t']",A - Buy a Shovel,GNU C11,OK,732
74543256,vjudge2,"['#include<stdio.h>\nint main()\n    {\n        int k,r,i;\n        scanf(""%d%d"",&k,&r);\n        for(i=1;;i++){\n            if(((k*i)-r)%10==0||(k*i)%10==0){\n                printf(""%d\\n"",i);\n                break;\n            }\n        }\n        return 0;\n    }\n\n\t\t   \t  \t\t\t\t \t   \t  \t\t    \t \t\t']",A - Buy a Shovel,GNU C11,OK,732
74546402,vjudge1,"['#include <stdio.h>\nint main()\n{\n    int k, r, i;\n    scanf(""%d %d"",&k, &r);\n    for(i = 1;;i++){\n        if(k*i%10==0 || k*i%10==r){\n            break;\n        }\n    }\n    printf(""%d"",i);\n    return 0;\n}\n\n \t\t\t\t\t\t \t\t\t\t\t\t\t     \t  \t\t\t  \t\t\t']",A - Buy a Shovel,GNU C11,OK,732
74554890,vjudge3,"['#include<stdio.h>\nint main()\n\n{\n    int k,r,m,a,t;\n\n        scanf(""%d %d"",&k,&r);\n\n            for(a=1;a<k;a++)\n\n                    {\n                    m=10*a+r;\n                        if(m%k==0)\n                            {\n                            t=m/k;\n                            break;\n                            }\n\n\n                    }\n                printf(""%d"",t);\n\n\n\n\n\n\n\nreturn 0;\n}\n\n\t\t  \t \t\t\t\t\t\t \t\t\t\t\t \t    \t\t\t\t']",A - Buy a Shovel,GNU C11,WRONG_ANSWER,732
74515070,rakinabrar126,"['#include<stdio.h>\r\nmain()\r\n{\r\n    int j,k;\r\n\r\n    scanf(""%d %d"",&j,&k);\r\n\r\n    for(int i=1;i>0;i++)\r\n    {\r\n\r\n        if((i*j)%10==0 || (i*j)%10==k)\r\n        {\r\n            printf(""%d"",i);\r\n            return 0;\r\n        }\r\n    }\r\n}\r\n']",A - Buy a Shovel,GNU C11,OK,732
74397735,rahinahmed6561,"['#include<stdio.h>\r\nint main()\r\n{\r\n    int n,i,p,k;\r\n    scanf(""%d %d"",&p,&k);\r\n    for(i=1;;i++)\r\n    {\r\n       n=i*p;\r\n       if(n%10==k||n%10==0)\r\n       {\r\n           break;\r\n       }\r\n    }\r\n    printf(""%d\\n"",i);\r\n    return 0;\r\n}\r\n']",A - Buy a Shovel,GNU C11,OK,732
74329037,Nayem_SWE_19,"['#include<stdio.h>\r\nint main()\r\n{\r\n    int k,r,j=0,i=1;\r\n    scanf(""%d %d"",&k,&r);\r\n    while(j!=r)\r\n    {\r\n        j=(k*i)%10;\r\n        if(j==0)\r\n        {\r\n            i=i+1;\r\n            break;\r\n        }\r\n        i++;\r\n    }\r\n    printf(""%d"",i-1);\r\n    return 0;\r\n}']",A - Buy a Shovel,GNU C11,OK,732
74252147,vjudge1,[],A - Buy a Shovel,GNU C11,OK,732
74674875,Tanbin_Hasan,[],A - Buy a Shovel,GNU C11,OK,732
